batchExposureId,exposureId,recallId,batchNumber,medicineName,customerId,customerName,customerPhone,dispensingId,dispensedDate,quantityDispensed,safetyStatus,workspaceId,provenance
EXP-0001,EXP-0001,RCL-0001,PCT101,Paracetamol 500mg,CUST-0001,Rahul Kumar,+91 98450 48123,DISP-00001,2026-07-11,10,CONTACTED_AND_RESOLVED,pharmaflow-main,DERIVED
EXP-0002,EXP-0002,RCL-0002,CTZ302,Amoxicillin 500mg (Novamox),CUST-0004,Kavya S,+91 99001 22584,DISP-00004,2026-09-27,20,READY_FOR_COMMUNICATION,pharmaflow-main,DERIVED
EXP-0003,EXP-0003,RCL-0003,LEV106,Levocetirizine 5mg (Levocet),CUST-0007,Manish,+91 90802 04902,DISP-00007,2026-07-02,15,READY_FOR_COMMUNICATION,pharmaflow-main,DERIVED
EXP-0004,EXP-0004,RCL-0004,MET109,Metformin 500mg (Glycomet 500),CUST-0010,Lakshmi Bhat,+91 9668942178,DISP-00010,2026-08-16,20,COMMUNICATION_INITIATED,pharmaflow-main,DERIVED
EXP-0005,EXP-0005,RCL-0005,PAN112,Pantoprazole + Domperidone (Pan-D),CUST-0013,Ramesh Iyer,+91 9473149551,DISP-00013,2026-07-21,20,COMMUNICATION_INITIATED,pharmaflow-main,DERIVED
EXP-0006,EXP-0006,RCL-0006,TEL115,Telmisartan + Amlodipine (Telma-AM),CUST-0016,Sandhya Desai,+91 7021819185,DISP-00016,2026-07-24,20,CONTACTED_AND_RESOLVED,pharmaflow-main,DERIVED
EXP-0007,EXP-0007,RCL-0007,CIP118,Ciprofloxacin 500mg (Ciplox 500),CUST-0019,Rajesh Sharma,+91 9931257157,DISP-00019,2026-09-02,30,CONTACTED_AND_RESOLVED,pharmaflow-main,DERIVED
EXP-0008,EXP-0008,RCL-0008,IBU121,Ibuprofen 400mg (Brufen 400),CUST-0022,Priya Verma,+91 8035583290,DISP-00022,2026-10-04,5,COMMUNICATION_INITIATED,pharmaflow-main,DERIVED
EXP-0009,EXP-0009,RCL-0009,RAB124,Rabeprazole 20mg (Razo 20),CUST-0025,Meena Joshi,+91 9986745380,DISP-00025,2026-10-02,10,COMMUNICATION_INITIATED,pharmaflow-main,DERIVED
EXP-0010,EXP-0010,RCL-0010,MUL127,Multivitamin + Zinc (Becadexamin),CUST-0028,Deeps Sundaram,+91 9465026398,DISP-00028,2026-07-26,20,READY_FOR_COMMUNICATION,pharmaflow-main,DERIVED
EXP-0011,EXP-0011,RCL-0011,PAR130,Paracetamol 500mg (Formula 31),CUST-0031,Vignesh Murthy,+91 9769549527,DISP-00031,2026-06-15,5,READY_FOR_COMMUNICATION,pharmaflow-main,DERIVED
EXP-0012,EXP-0012,RCL-0012,AMO133,Amoxicillin 500mg (Novamox) (Formula 34),CUST-0034,Sangeetha Reddy,+91 9441163805,DISP-00034,2026-09-22,15,READY_FOR_COMMUNICATION,pharmaflow-main,DERIVED
EXP-0013,EXP-0013,RCL-0013,LEV136,Levocetirizine 5mg (Levocet) (Formula 37),CUST-0037,Prashanth Shenoy,+91 8086762164,DISP-00037,2026-10-01,30,CONTACTED_AND_RESOLVED,pharmaflow-main,DERIVED
EXP-0014,EXP-0014,RCL-0014,MET139,Metformin 500mg (Glycomet 500) (Formula 40),CUST-0040,Nandini Rao,+91 9851464269,DISP-00040,2026-07-23,30,READY_FOR_COMMUNICATION,pharmaflow-main,DERIVED
EXP-0015,EXP-0015,RCL-0015,MET140,Metformin 1000mg SR (Glucophage) (Formula 41),CUST-0041,Rahul Menon,+91 9653851498,DISP-00041,2026-07-26,10,COMMUNICATION_INITIATED,pharmaflow-main,DERIVED
EXP-0016,EXP-0016,RCL-0016,PAN141,Pantoprazole 40mg (Pan 40) (Formula 42),CUST-0042,Priya Verma,+91 9632084778,DISP-00042,2026-07-21,30,CONTACTED_AND_RESOLVED,pharmaflow-main,DERIVED
EXP-0017,EXP-0017,RCL-0017,PAN142,Pantoprazole + Domperidone (Pan-D) (Formula 43),CUST-0043,Arun Hegde,+91 9440281491,DISP-00043,2026-07-06,20,CONTACTED_AND_RESOLVED,pharmaflow-main,DERIVED
EXP-0018,EXP-0018,RCL-0018,OME143,Omeprazole 20mg (Omez) (Formula 44),CUST-0044,Kavya Gupta,+91 9845495029,DISP-00044,2026-06-27,30,READY_FOR_COMMUNICATION,pharmaflow-main,DERIVED
EXP-0019,EXP-0019,RCL-0019,TEL144,Telmisartan 40mg (Telma 40) (Formula 45),CUST-0045,Meena Joshi,+91 9024541967,DISP-00045,2026-09-08,10,READY_FOR_COMMUNICATION,pharmaflow-main,DERIVED
EXP-0020,EXP-0020,RCL-0020,TEL145,Telmisartan + Amlodipine (Telma-AM) (Formula 46),CUST-0046,Deepak Nair,+91 9795282470,DISP-00046,2026-10-08,20,COMMUNICATION_INITIATED,pharmaflow-main,DERIVED
EXP-0021,EXP-0021,RCL-0021,ATO146,Atorvastatin 10mg (Atorva 10) (Formula 47),CUST-0047,Manish Patel,+91 9814994527,DISP-00047,2026-07-20,10,CONTACTED_AND_RESOLVED,pharmaflow-main,DERIVED
EXP-0022,EXP-0022,RCL-0022,ROS147,Rosuvastatin 10mg (Rosuvas 10) (Formula 48),CUST-0048,Deeps Sundaram,+91 8070887034,DISP-00048,2026-06-27,20,READY_FOR_COMMUNICATION,pharmaflow-main,DERIVED
EXP-0023,EXP-0023,RCL-0023,CIP148,Ciprofloxacin 500mg (Ciplox 500) (Formula 49),CUST-0049,Suresh Pillai,+91 9775679047,DISP-00049,2026-10-03,30,READY_FOR_COMMUNICATION,pharmaflow-main,DERIVED
EXP-0024,EXP-0024,RCL-0024,OFL149,Ofloxacin + Ornidazole (O2) (Formula 50),CUST-0050,Lakshmi Bhat,+91 7041690501,DISP-00050,2026-06-26,5,READY_FOR_COMMUNICATION,pharmaflow-main,DERIVED
EXP-0025,EXP-0025,RCL-0025,MON150,Montelukast + Levocetirizine (Montair-LC) (Formula 51),CUST-0051,Vignesh Murthy,+91 9018126895,DISP-00051,2026-07-19,15,CONTACTED_AND_RESOLVED,pharmaflow-main,DERIVED
EXP-0026,EXP-0026,RCL-0026,IBU151,Ibuprofen 400mg (Brufen 400) (Formula 52),CUST-0052,Anitha Kumar,+91 9996128115,DISP-00052,2026-09-06,15,COMMUNICATION_INITIATED,pharmaflow-main,DERIVED
EXP-0027,EXP-0027,RCL-0027,ACE152,Aceclofenac + Paracetamol (Zerodol-P) (Formula 53),CUST-0053,Ramesh Iyer,+91 9919208698,DISP-00053,2026-08-04,5,CONTACTED_AND_RESOLVED,pharmaflow-main,DERIVED
EXP-0028,EXP-0028,RCL-0028,VIL153,Vildagliptin + Metformin (Galvus Met) (Formula 54),CUST-0054,Sangeetha Reddy,+91 9489991301,DISP-00054,2026-09-23,15,COMMUNICATION_INITIATED,pharmaflow-main,DERIVED
EXP-0029,EXP-0029,RCL-0029,RAB154,Rabeprazole 20mg (Razo 20) (Formula 55),CUST-0055,Vijay Gowda,+91 9827690330,DISP-00055,2026-08-18,30,READY_FOR_COMMUNICATION,pharmaflow-main,DERIVED
EXP-0030,EXP-0030,RCL-0030,COU155,Cough Syrup (Ascoril-D) (Formula 56),CUST-0056,Sandhya Desai,+91 9617032877,DISP-00056,2026-10-05,15,READY_FOR_COMMUNICATION,pharmaflow-main,DERIVED
EXP-0031,EXP-0031,RCL-0031,ORA156,Oral Rehydration Salts (Electral ORS) (Formula 57),CUST-0057,Prashanth Shenoy,+91 7058592048,DISP-00057,2026-06-24,20,COMMUNICATION_INITIATED,pharmaflow-main,DERIVED
EXP-0032,EXP-0032,RCL-0032,MUL157,Multivitamin + Zinc (Becadexamin) (Formula 58),CUST-0058,Swetha Krishnan,+91 9671477426,DISP-00058,2026-06-12,5,READY_FOR_COMMUNICATION,pharmaflow-main,DERIVED
EXP-0033,EXP-0033,RCL-0033,THY158,Thyroxine Sodium 50mcg (Thyronorm 50) (Formula 59),CUST-0059,Rajesh Sharma,+91 9775802771,DISP-00059,2026-07-18,10,COMMUNICATION_INITIATED,pharmaflow-main,DERIVED
EXP-0034,EXP-0034,RCL-0034,CLO159,Clopidogrel 75mg (Clopilet 75) (Formula 60),CUST-0060,Nandini Rao,+91 9726937148,DISP-00060,2026-07-19,30,COMMUNICATION_INITIATED,pharmaflow-main,DERIVED
EXP-0035,EXP-0035,RCL-0035,PAR160,Paracetamol 500mg (Formula 61),CUST-0061,Rahul Menon,+91 8023311507,DISP-00061,2026-06-16,20,CONTACTED_AND_RESOLVED,pharmaflow-main,DERIVED
EXP-0036,EXP-0036,RCL-0036,PAR161,Paracetamol 650mg (Dolo 650) (Formula 62),CUST-0062,Priya Verma,+91 9965541117,DISP-00062,2026-06-11,30,COMMUNICATION_INITIATED,pharmaflow-main,DERIVED
EXP-0037,EXP-0037,RCL-0037,VIT162,Vitamin D3 60K (Calcirol) (Formula 63),CUST-0063,Arun Hegde,+91 9099269266,DISP-00063,2026-08-30,15,COMMUNICATION_INITIATED,pharmaflow-main,DERIVED
EXP-0038,EXP-0038,RCL-0038,AMO163,Amoxicillin 500mg (Novamox) (Formula 64),CUST-0064,Kavya Gupta,+91 9722513132,DISP-00064,2026-07-28,10,READY_FOR_COMMUNICATION,pharmaflow-main,DERIVED
EXP-0039,EXP-0039,RCL-0039,AMO164,Amoxicillin + Clavulanic Acid 625mg (Augmentin) (Formula 65),CUST-0065,Meena Joshi,+91 9099927658,DISP-00065,2026-07-26,15,READY_FOR_COMMUNICATION,pharmaflow-main,DERIVED
EXP-0040,EXP-0040,RCL-0040,CET165,Cetirizine 10mg (Cetzine) (Formula 66),CUST-0066,Deepak Nair,+91 9657197152,DISP-00066,2026-09-30,5,COMMUNICATION_INITIATED,pharmaflow-main,DERIVED
EXP-0041,EXP-0041,RCL-0041,LEV166,Levocetirizine 5mg (Levocet) (Formula 67),CUST-0067,Manish Patel,+91 9084660688,DISP-00067,2026-08-25,30,CONTACTED_AND_RESOLVED,pharmaflow-main,DERIVED
EXP-0042,EXP-0042,RCL-0042,AZI167,Azithromycin 250mg (Azee 250) (Formula 68),CUST-0068,Deeps Sundaram,+91 9891737913,DISP-00068,2026-06-23,30,COMMUNICATION_INITIATED,pharmaflow-main,DERIVED
EXP-0043,EXP-0043,RCL-0043,AZI168,Azithromycin 500mg (Azithral 500) (Formula 69),CUST-0069,Suresh Pillai,+91 9655610493,DISP-00069,2026-08-20,5,COMMUNICATION_INITIATED,pharmaflow-main,DERIVED
EXP-0044,EXP-0044,RCL-0044,MET169,Metformin 500mg (Glycomet 500) (Formula 70),CUST-0070,Lakshmi Bhat,+91 9822315507,DISP-00070,2026-06-20,15,READY_FOR_COMMUNICATION,pharmaflow-main,DERIVED
EXP-0045,EXP-0045,RCL-0045,MET170,Metformin 1000mg SR (Glucophage) (Formula 71),CUST-0071,Vignesh Murthy,+91 9459667685,DISP-00071,2026-07-10,20,COMMUNICATION_INITIATED,pharmaflow-main,DERIVED
EXP-0046,EXP-0046,RCL-0046,PAN171,Pantoprazole 40mg (Pan 40) (Formula 72),CUST-0072,Anitha Kumar,+91 9492924837,DISP-00072,2026-09-26,10,COMMUNICATION_INITIATED,pharmaflow-main,DERIVED
EXP-0047,EXP-0047,RCL-0047,PAN172,Pantoprazole + Domperidone (Pan-D) (Formula 73),CUST-0073,Ramesh Iyer,+91 7065590800,DISP-00073,2026-08-21,15,COMMUNICATION_INITIATED,pharmaflow-main,DERIVED
EXP-0048,EXP-0048,RCL-0048,OME173,Omeprazole 20mg (Omez) (Formula 74),CUST-0074,Sangeetha Reddy,+91 7080723898,DISP-00074,2026-09-10,10,READY_FOR_COMMUNICATION,pharmaflow-main,DERIVED
