batchId,batchNumber,medicineId,medicineName,manufacturerId,manufacturingDate,expiryDate,expiryDisplay,daysRemaining,initialQuantity,currentQuantity,unitCost,mrp,status,isRecalled,isQuarantined,storageLocation,workspaceId,provenance,createdAt
BATCH-0001,PCT101,MED-0001,Paracetamol 500mg,MFG-0001,2026-03-20,2027-11-30,30 Nov 2027,418,500,190,25.0,30.0,RECALLED,True,False,RACK-A-SHELF-1,pharmaflow-main,SYNTHETIC_OPERATIONAL_RECORD,2026-03-20T12:00:00Z
BATCH-0002,VD102,MED-0002,Paracetamol 650mg (Dolo 650),MFG-0002,2025-07-02,2026-09-25,25 Sep 2026,-13,200,140,34.5,41.2,EXPIRED,False,False,RACK-B-SHELF-2,pharmaflow-main,SYNTHETIC_OPERATIONAL_RECORD,2025-07-02T12:00:00Z
BATCH-0003,AMX204,MED-0003,Vitamin D3 60K (Calcirol),MFG-0003,2025-06-07,2026-10-15,15 Oct 2026,7,500,428,70.0,86.4,CRITICAL_NEAR_EXPIRY,False,False,RACK-C-SHELF-3,pharmaflow-main,SYNTHETIC_OPERATIONAL_RECORD,2025-06-07T12:00:00Z
BATCH-0004,CTZ302,MED-0004,Amoxicillin 500mg (Novamox),MFG-0004,2025-03-28,2027-01-15,15 Jan 2027,99,400,10,102.5,124.6,RECALLED,True,False,RACK-D-SHELF-4,pharmaflow-main,SYNTHETIC_OPERATIONAL_RECORD,2025-03-28T12:00:00Z
BATCH-0005,DEMO-EXP-001,MED-0005,Amoxicillin + Clavulanic Acid 625mg (Augmentin),MFG-0005,2025-08-25,2026-10-23,23 Oct 2026,15,150,0,175.0,217.8,NEAR_EXPIRY,False,False,RACK-E-SHELF-5,pharmaflow-main,SYNTHETIC_OPERATIONAL_RECORD,2025-08-25T12:00:00Z
BATCH-0006,DEMO-EXP-002,MED-0006,Cetirizine 10mg (Cetzine),MFG-0006,2025-10-07,2026-10-08,08 Oct 2026,0,100,79,47.5,58.0,EXPIRES_TODAY,False,False,RACK-F-SHELF-1,pharmaflow-main,SYNTHETIC_OPERATIONAL_RECORD,2025-10-07T12:00:00Z
BATCH-0007,LEV106,MED-0007,Levocetirizine 5mg (Levocet),MFG-0007,2025-08-21,2026-09-13,13 Sep 2026,-25,250,137,63.0,77.2,RECALLED,True,False,RACK-G-SHELF-2,pharmaflow-main,SYNTHETIC_OPERATIONAL_RECORD,2025-08-21T12:00:00Z
BATCH-0008,AZI107,MED-0008,Azithromycin 250mg (Azee 250),MFG-0008,2025-07-08,2026-09-22,22 Sep 2026,-16,150,121,120.0,145.0,EXPIRED,False,False,RACK-H-SHELF-3,pharmaflow-main,SYNTHETIC_OPERATIONAL_RECORD,2025-07-08T12:00:00Z
BATCH-0009,AZI108,MED-0009,Azithromycin 500mg (Azithral 500),MFG-0009,2024-10-03,2026-10-03,03 Oct 2026,-5,400,45,177.5,218.2,EXPIRED,False,False,RACK-A-SHELF-4,pharmaflow-main,SYNTHETIC_OPERATIONAL_RECORD,2024-10-03T12:00:00Z
BATCH-0010,MET109,MED-0010,Metformin 500mg (Glycomet 500),MFG-0010,2025-06-02,2026-09-24,24 Sep 2026,-14,200,117,50.0,61.4,RECALLED,True,False,RACK-B-SHELF-5,pharmaflow-main,SYNTHETIC_OPERATIONAL_RECORD,2025-06-02T12:00:00Z
BATCH-0011,MET110,MED-0011,Metformin 1000mg SR (Glucophage),MFG-0011,2025-04-14,2026-09-24,24 Sep 2026,-14,200,161,75.5,91.6,EXPIRED,False,False,RACK-C-SHELF-1,pharmaflow-main,SYNTHETIC_OPERATIONAL_RECORD,2025-04-14T12:00:00Z
BATCH-0012,PAN111,MED-0012,Pantoprazole 40mg (Pan 40),MFG-0012,2025-03-28,2026-10-04,04 Oct 2026,-4,100,16,95.0,117.8,QUARANTINED,False,True,RACK-D-SHELF-2,pharmaflow-main,SYNTHETIC_OPERATIONAL_RECORD,2025-03-28T12:00:00Z
BATCH-0013,PAN112,MED-0013,Pantoprazole + Domperidone (Pan-D),MFG-0013,2025-06-02,2026-09-01,01 Sep 2026,-37,150,119,157.5,194.0,RECALLED,True,False,RACK-E-SHELF-3,pharmaflow-main,SYNTHETIC_OPERATIONAL_RECORD,2025-06-02T12:00:00Z
BATCH-0014,OME113,MED-0014,Omeprazole 20mg (Omez),MFG-0014,2025-08-19,2026-09-23,23 Sep 2026,-15,250,9,77.0,94.2,EXPIRED,False,False,RACK-F-SHELF-4,pharmaflow-main,SYNTHETIC_OPERATIONAL_RECORD,2025-08-19T12:00:00Z
BATCH-0015,TEL114,MED-0015,Telmisartan 40mg (Telma 40),MFG-0015,2025-04-10,2026-09-16,16 Sep 2026,-22,200,158,98.0,122.0,EXPIRED,False,False,RACK-G-SHELF-5,pharmaflow-main,SYNTHETIC_OPERATIONAL_RECORD,2025-04-10T12:00:00Z
BATCH-0016,TEL115,MED-0016,Telmisartan + Amlodipine (Telma-AM),MFG-0016,2025-02-12,2026-10-03,03 Oct 2026,-5,100,33,142.5,175.2,RECALLED,True,False,RACK-H-SHELF-1,pharmaflow-main,SYNTHETIC_OPERATIONAL_RECORD,2025-02-12T12:00:00Z
BATCH-0017,ATO116,MED-0017,Atorvastatin 10mg (Atorva 10),MFG-0017,2025-04-14,2026-09-10,10 Sep 2026,-28,300,125,115.0,144.4,EXPIRED,False,False,RACK-A-SHELF-2,pharmaflow-main,SYNTHETIC_OPERATIONAL_RECORD,2025-04-14T12:00:00Z
BATCH-0018,ROS117,MED-0018,Rosuvastatin 10mg (Rosuvas 10),MFG-0018,2025-06-05,2026-10-07,07 Oct 2026,-1,250,136,142.5,177.6,EXPIRED,False,False,RACK-B-SHELF-3,pharmaflow-main,SYNTHETIC_OPERATIONAL_RECORD,2025-06-05T12:00:00Z
BATCH-0019,CIP118,MED-0019,Ciprofloxacin 500mg (Ciplox 500),MFG-0019,2025-01-26,2026-10-05,05 Oct 2026,-3,500,83,82.0,100.8,RECALLED,True,False,RACK-C-SHELF-4,pharmaflow-main,SYNTHETIC_OPERATIONAL_RECORD,2025-01-26T12:00:00Z
BATCH-0020,OFL119,MED-0020,Ofloxacin + Ornidazole (O2),MFG-0020,2024-12-05,2026-09-10,10 Sep 2026,-28,500,73,127.5,158.0,EXPIRED,False,False,RACK-D-SHELF-5,pharmaflow-main,SYNTHETIC_OPERATIONAL_RECORD,2024-12-05T12:00:00Z
BATCH-0021,MON120,MED-0021,Montelukast + Levocetirizine (Montair-LC),MFG-0021,2025-06-28,2026-09-13,13 Sep 2026,-25,100,28,173.0,214.2,EXPIRED,False,False,RACK-E-SHELF-1,pharmaflow-main,SYNTHETIC_OPERATIONAL_RECORD,2025-06-28T12:00:00Z
BATCH-0022,IBU121,MED-0022,Ibuprofen 400mg (Brufen 400),MFG-0022,2025-05-03,2026-08-30,30 Aug 2026,-39,300,103,28.0,35.0,RECALLED,True,False,RACK-F-SHELF-2,pharmaflow-main,SYNTHETIC_OPERATIONAL_RECORD,2025-05-03T12:00:00Z
BATCH-0023,ACE122,MED-0023,Aceclofenac + Paracetamol (Zerodol-P),MFG-0023,2025-03-11,2026-08-29,29 Aug 2026,-40,100,32,77.5,95.2,QUARANTINED,False,True,RACK-G-SHELF-3,pharmaflow-main,SYNTHETIC_OPERATIONAL_RECORD,2025-03-11T12:00:00Z
BATCH-0024,VIL123,MED-0024,Vildagliptin + Metformin (Galvus Met),MFG-0024,2025-07-26,2026-09-17,17 Sep 2026,-21,150,70,245.0,304.4,EXPIRED,False,False,RACK-H-SHELF-4,pharmaflow-main,SYNTHETIC_OPERATIONAL_RECORD,2025-07-26T12:00:00Z
BATCH-0025,RAB124,MED-0025,Rabeprazole 20mg (Razo 20),MFG-0025,2025-01-16,2026-09-24,24 Sep 2026,-14,100,62,119.5,147.6,RECALLED,True,False,RACK-A-SHELF-5,pharmaflow-main,SYNTHETIC_OPERATIONAL_RECORD,2025-01-16T12:00:00Z
BATCH-0026,COU125,MED-0026,Cough Syrup (Ascoril-D),MFG-0026,2025-07-30,2026-09-15,15 Sep 2026,-23,100,51,98.0,122.8,EXPIRED,False,False,RACK-B-SHELF-1,pharmaflow-main,SYNTHETIC_OPERATIONAL_RECORD,2025-07-30T12:00:00Z
BATCH-0027,ORA126,MED-0027,Oral Rehydration Salts (Electral ORS),MFG-0027,2025-03-04,2026-10-01,01 Oct 2026,-7,400,190,30.5,38.5,EXPIRED,False,False,RACK-C-SHELF-2,pharmaflow-main,SYNTHETIC_OPERATIONAL_RECORD,2025-03-04T12:00:00Z
BATCH-0028,MUL127,MED-0028,Multivitamin + Zinc (Becadexamin),MFG-0028,2025-08-15,2026-09-27,27 Sep 2026,-11,300,232,57.0,71.2,RECALLED,True,False,RACK-D-SHELF-3,pharmaflow-main,SYNTHETIC_OPERATIONAL_RECORD,2025-08-15T12:00:00Z
BATCH-0029,THY128,MED-0029,Thyroxine Sodium 50mcg (Thyronorm 50),MFG-0029,2025-07-24,2026-09-30,30 Sep 2026,-8,400,179,125.0,155.0,EXPIRED,False,False,RACK-E-SHELF-4,pharmaflow-main,SYNTHETIC_OPERATIONAL_RECORD,2025-07-24T12:00:00Z
BATCH-0030,CLO129,MED-0030,Clopidogrel 75mg (Clopilet 75),MFG-0030,2024-11-03,2026-09-02,02 Sep 2026,-36,300,249,132.5,165.2,EXPIRED,False,False,RACK-F-SHELF-5,pharmaflow-main,SYNTHETIC_OPERATIONAL_RECORD,2024-11-03T12:00:00Z
BATCH-0031,PAR130,MED-0031,Paracetamol 500mg (Formula 31),MFG-0031,2024-11-10,2026-10-15,15 Oct 2026,7,150,70,30.0,36.4,RECALLED,True,False,RACK-G-SHELF-1,pharmaflow-main,SYNTHETIC_OPERATIONAL_RECORD,2024-11-10T12:00:00Z
BATCH-0032,PAR131,MED-0032,Paracetamol 650mg (Dolo 650) (Formula 32),MFG-0032,2025-06-02,2026-10-13,13 Oct 2026,5,500,319,39.5,47.6,CRITICAL_NEAR_EXPIRY,False,False,RACK-H-SHELF-2,pharmaflow-main,SYNTHETIC_OPERATIONAL_RECORD,2025-06-02T12:00:00Z
BATCH-0033,VIT132,MED-0033,Vitamin D3 60K (Calcirol) (Formula 33),MFG-0033,2024-10-22,2026-10-15,15 Oct 2026,7,500,104,75.0,92.8,CRITICAL_NEAR_EXPIRY,False,False,RACK-A-SHELF-3,pharmaflow-main,SYNTHETIC_OPERATIONAL_RECORD,2024-10-22T12:00:00Z
BATCH-0034,AMO133,MED-0034,Amoxicillin 500mg (Novamox) (Formula 34),MFG-0034,2025-05-05,2026-10-14,14 Oct 2026,6,250,161,107.5,131.0,RECALLED,True,False,RACK-B-SHELF-4,pharmaflow-main,SYNTHETIC_OPERATIONAL_RECORD,2025-05-05T12:00:00Z
BATCH-0035,AMO134,MED-0035,Amoxicillin + Clavulanic Acid 625mg (Augmentin) (Formula 35),MFG-0035,2025-09-04,2026-10-12,12 Oct 2026,4,150,96,180.0,224.2,CRITICAL_NEAR_EXPIRY,False,False,RACK-C-SHELF-5,pharmaflow-main,SYNTHETIC_OPERATIONAL_RECORD,2025-09-04T12:00:00Z
BATCH-0036,CET135,MED-0036,Cetirizine 10mg (Cetzine) (Formula 36),MFG-0036,2025-08-24,2026-10-18,18 Oct 2026,10,150,103,35.0,42.0,CRITICAL_NEAR_EXPIRY,False,False,RACK-D-SHELF-1,pharmaflow-main,SYNTHETIC_OPERATIONAL_RECORD,2025-08-24T12:00:00Z
BATCH-0037,LEV136,MED-0037,Levocetirizine 5mg (Levocet) (Formula 37),MFG-0037,2025-02-23,2026-10-11,11 Oct 2026,3,250,150,50.5,61.2,RECALLED,True,False,RACK-E-SHELF-2,pharmaflow-main,SYNTHETIC_OPERATIONAL_RECORD,2025-02-23T12:00:00Z
BATCH-0038,AZI137,MED-0038,Azithromycin 250mg (Azee 250) (Formula 38),MFG-0038,2025-08-15,2026-10-15,15 Oct 2026,7,300,97,125.0,151.4,CRITICAL_NEAR_EXPIRY,False,False,RACK-F-SHELF-3,pharmaflow-main,SYNTHETIC_OPERATIONAL_RECORD,2025-08-15T12:00:00Z
BATCH-0039,AZI138,MED-0039,Azithromycin 500mg (Azithral 500) (Formula 39),MFG-0039,2025-02-23,2026-10-12,12 Oct 2026,4,200,62,182.5,224.6,CRITICAL_NEAR_EXPIRY,False,False,RACK-G-SHELF-4,pharmaflow-main,SYNTHETIC_OPERATIONAL_RECORD,2025-02-23T12:00:00Z
BATCH-0040,MET139,MED-0040,Metformin 500mg (Glycomet 500) (Formula 40),MFG-0040,2025-08-13,2026-10-13,13 Oct 2026,5,100,60,55.0,67.8,RECALLED,True,False,RACK-H-SHELF-5,pharmaflow-main,SYNTHETIC_OPERATIONAL_RECORD,2025-08-13T12:00:00Z
BATCH-0041,MET140,MED-0041,Metformin 1000mg SR (Glucophage) (Formula 41),MFG-0041,2024-10-18,2026-10-13,13 Oct 2026,5,400,72,80.5,98.0,RECALLED,True,False,RACK-A-SHELF-1,pharmaflow-main,SYNTHETIC_OPERATIONAL_RECORD,2024-10-18T12:00:00Z
BATCH-0042,PAN141,MED-0042,Pantoprazole 40mg (Pan 40) (Formula 42),MFG-0042,2025-06-21,2026-10-09,09 Oct 2026,1,500,42,100.0,124.2,RECALLED,True,False,RACK-B-SHELF-2,pharmaflow-main,SYNTHETIC_OPERATIONAL_RECORD,2025-06-21T12:00:00Z
BATCH-0043,PAN142,MED-0043,Pantoprazole + Domperidone (Pan-D) (Formula 43),MFG-0043,2025-07-31,2026-10-14,14 Oct 2026,6,100,49,145.0,178.0,RECALLED,True,False,RACK-C-SHELF-3,pharmaflow-main,SYNTHETIC_OPERATIONAL_RECORD,2025-07-31T12:00:00Z
BATCH-0044,OME143,MED-0044,Omeprazole 20mg (Omez) (Formula 44),MFG-0044,2025-03-26,2026-10-14,14 Oct 2026,6,300,255,64.5,78.2,RECALLED,True,False,RACK-D-SHELF-4,pharmaflow-main,SYNTHETIC_OPERATIONAL_RECORD,2025-03-26T12:00:00Z
BATCH-0045,TEL144,MED-0045,Telmisartan 40mg (Telma 40) (Formula 45),MFG-0045,2025-06-02,2026-10-13,13 Oct 2026,5,500,391,103.0,128.4,RECALLED,True,True,RACK-E-SHELF-5,pharmaflow-main,SYNTHETIC_OPERATIONAL_RECORD,2025-06-02T12:00:00Z
BATCH-0046,TEL145,MED-0046,Telmisartan + Amlodipine (Telma-AM) (Formula 46),MFG-0046,2025-03-16,2026-10-09,09 Oct 2026,1,500,249,147.5,181.6,RECALLED,True,False,RACK-F-SHELF-1,pharmaflow-main,SYNTHETIC_OPERATIONAL_RECORD,2025-03-16T12:00:00Z
BATCH-0047,ATO146,MED-0047,Atorvastatin 10mg (Atorva 10) (Formula 47),MFG-0047,2025-01-09,2026-10-17,17 Oct 2026,9,150,106,120.0,150.8,RECALLED,True,False,RACK-G-SHELF-2,pharmaflow-main,SYNTHETIC_OPERATIONAL_RECORD,2025-01-09T12:00:00Z
BATCH-0048,ROS147,MED-0048,Rosuvastatin 10mg (Rosuvas 10) (Formula 48),MFG-0048,2025-08-25,2026-10-16,16 Oct 2026,8,500,74,147.5,184.0,RECALLED,True,False,RACK-H-SHELF-3,pharmaflow-main,SYNTHETIC_OPERATIONAL_RECORD,2025-08-25T12:00:00Z
BATCH-0049,CIP148,MED-0049,Ciprofloxacin 500mg (Ciplox 500) (Formula 49),MFG-0049,2025-08-10,2026-10-11,11 Oct 2026,3,100,73,87.0,107.2,RECALLED,True,False,RACK-A-SHELF-4,pharmaflow-main,SYNTHETIC_OPERATIONAL_RECORD,2025-08-10T12:00:00Z
BATCH-0050,OFL149,MED-0050,Ofloxacin + Ornidazole (O2) (Formula 50),MFG-0050,2025-08-07,2026-10-12,12 Oct 2026,4,150,28,115.0,142.0,RECALLED,True,False,RACK-B-SHELF-5,pharmaflow-main,SYNTHETIC_OPERATIONAL_RECORD,2025-08-07T12:00:00Z
BATCH-0051,MON150,MED-0051,Montelukast + Levocetirizine (Montair-LC) (Formula 51),MFG-0051,2024-10-28,2026-10-14,14 Oct 2026,6,400,50,160.5,198.2,RECALLED,True,False,RACK-C-SHELF-1,pharmaflow-main,SYNTHETIC_OPERATIONAL_RECORD,2024-10-28T12:00:00Z
BATCH-0052,IBU151,MED-0052,Ibuprofen 400mg (Brufen 400) (Formula 52),MFG-0052,2024-12-16,2026-10-10,10 Oct 2026,2,300,148,33.0,41.4,RECALLED,True,False,RACK-D-SHELF-2,pharmaflow-main,SYNTHETIC_OPERATIONAL_RECORD,2024-12-16T12:00:00Z
BATCH-0053,ACE152,MED-0053,Aceclofenac + Paracetamol (Zerodol-P) (Formula 53),MFG-0053,2025-09-29,2026-10-10,10 Oct 2026,2,100,55,82.5,101.6,RECALLED,True,False,RACK-E-SHELF-3,pharmaflow-main,SYNTHETIC_OPERATIONAL_RECORD,2025-09-29T12:00:00Z
BATCH-0054,VIL153,MED-0054,Vildagliptin + Metformin (Galvus Met) (Formula 54),MFG-0054,2025-08-12,2026-10-16,16 Oct 2026,8,100,38,250.0,310.8,RECALLED,True,False,RACK-F-SHELF-4,pharmaflow-main,SYNTHETIC_OPERATIONAL_RECORD,2025-08-12T12:00:00Z
BATCH-0055,RAB154,MED-0055,Rabeprazole 20mg (Razo 20) (Formula 55),MFG-0055,2025-09-19,2026-10-10,10 Oct 2026,2,250,218,124.5,154.0,RECALLED,True,False,RACK-G-SHELF-5,pharmaflow-main,SYNTHETIC_OPERATIONAL_RECORD,2025-09-19T12:00:00Z
BATCH-0056,COU155,MED-0056,Cough Syrup (Ascoril-D) (Formula 56),MFG-0056,2024-12-22,2026-10-11,11 Oct 2026,3,250,20,103.0,129.2,RECALLED,True,True,RACK-H-SHELF-1,pharmaflow-main,SYNTHETIC_OPERATIONAL_RECORD,2024-12-22T12:00:00Z
BATCH-0057,ORA156,MED-0057,Oral Rehydration Salts (Electral ORS) (Formula 57),MFG-0057,2025-02-03,2026-10-15,15 Oct 2026,7,100,32,18.0,22.5,RECALLED,True,False,RACK-A-SHELF-2,pharmaflow-main,SYNTHETIC_OPERATIONAL_RECORD,2025-02-03T12:00:00Z
BATCH-0058,MUL157,MED-0058,Multivitamin + Zinc (Becadexamin) (Formula 58),MFG-0058,2025-07-19,2026-10-15,15 Oct 2026,7,200,126,44.5,55.2,RECALLED,True,False,RACK-B-SHELF-3,pharmaflow-main,SYNTHETIC_OPERATIONAL_RECORD,2025-07-19T12:00:00Z
BATCH-0059,THY158,MED-0059,Thyroxine Sodium 50mcg (Thyronorm 50) (Formula 59),MFG-0059,2025-05-24,2026-10-11,11 Oct 2026,3,200,66,130.0,161.4,RECALLED,True,False,RACK-C-SHELF-4,pharmaflow-main,SYNTHETIC_OPERATIONAL_RECORD,2025-05-24T12:00:00Z
BATCH-0060,CLO159,MED-0060,Clopidogrel 75mg (Clopilet 75) (Formula 60),MFG-0060,2025-09-24,2026-10-11,11 Oct 2026,3,300,155,137.5,171.6,RECALLED,True,False,RACK-D-SHELF-5,pharmaflow-main,SYNTHETIC_OPERATIONAL_RECORD,2025-09-24T12:00:00Z
BATCH-0061,PAR160,MED-0061,Paracetamol 500mg (Formula 61),MFG-0061,2025-01-31,2026-10-13,13 Oct 2026,5,250,5,35.0,42.8,RECALLED,True,False,RACK-E-SHELF-1,pharmaflow-main,SYNTHETIC_OPERATIONAL_RECORD,2025-01-31T12:00:00Z
BATCH-0062,PAR161,MED-0062,Paracetamol 650mg (Dolo 650) (Formula 62),MFG-0062,2025-02-14,2026-10-17,17 Oct 2026,9,100,69,44.5,54.0,RECALLED,True,False,RACK-F-SHELF-2,pharmaflow-main,SYNTHETIC_OPERATIONAL_RECORD,2025-02-14T12:00:00Z
BATCH-0063,VIT162,MED-0063,Vitamin D3 60K (Calcirol) (Formula 63),MFG-0063,2025-03-31,2026-10-13,13 Oct 2026,5,150,23,80.0,99.2,RECALLED,True,False,RACK-G-SHELF-3,pharmaflow-main,SYNTHETIC_OPERATIONAL_RECORD,2025-03-31T12:00:00Z
BATCH-0064,AMO163,MED-0064,Amoxicillin 500mg (Novamox) (Formula 64),MFG-0064,2024-11-17,2026-10-12,12 Oct 2026,4,500,211,95.0,115.0,RECALLED,True,False,RACK-H-SHELF-4,pharmaflow-main,SYNTHETIC_OPERATIONAL_RECORD,2024-11-17T12:00:00Z
BATCH-0065,AMO164,MED-0065,Amoxicillin + Clavulanic Acid 625mg (Augmentin) (Formula 65),MFG-0065,2024-11-24,2026-10-12,12 Oct 2026,4,500,202,167.5,208.2,RECALLED,True,False,RACK-A-SHELF-5,pharmaflow-main,SYNTHETIC_OPERATIONAL_RECORD,2024-11-24T12:00:00Z
BATCH-0066,CET165,MED-0066,Cetirizine 10mg (Cetzine) (Formula 66),MFG-0066,2025-04-07,2026-10-19,19 Oct 2026,11,500,115,40.0,48.4,RECALLED,True,False,RACK-B-SHELF-1,pharmaflow-main,SYNTHETIC_OPERATIONAL_RECORD,2025-04-07T12:00:00Z
BATCH-0067,LEV166,MED-0067,Levocetirizine 5mg (Levocet) (Formula 67),MFG-0067,2025-02-27,2026-10-30,30 Oct 2026,22,300,32,55.5,67.6,RECALLED,True,False,RACK-C-SHELF-2,pharmaflow-main,SYNTHETIC_OPERATIONAL_RECORD,2025-02-27T12:00:00Z
BATCH-0068,AZI167,MED-0068,Azithromycin 250mg (Azee 250) (Formula 68),MFG-0068,2025-01-14,2026-10-30,30 Oct 2026,22,300,116,130.0,157.8,RECALLED,True,False,RACK-D-SHELF-3,pharmaflow-main,SYNTHETIC_OPERATIONAL_RECORD,2025-01-14T12:00:00Z
BATCH-0069,AZI168,MED-0069,Azithromycin 500mg (Azithral 500) (Formula 69),MFG-0069,2025-06-15,2026-10-31,31 Oct 2026,23,150,124,187.5,231.0,RECALLED,True,False,RACK-E-SHELF-4,pharmaflow-main,SYNTHETIC_OPERATIONAL_RECORD,2025-06-15T12:00:00Z
BATCH-0070,MET169,MED-0070,Metformin 500mg (Glycomet 500) (Formula 70),MFG-0070,2024-12-28,2026-10-29,29 Oct 2026,21,150,123,60.0,74.2,RECALLED,True,False,RACK-F-SHELF-5,pharmaflow-main,SYNTHETIC_OPERATIONAL_RECORD,2024-12-28T12:00:00Z
BATCH-0071,MET170,MED-0071,Metformin 1000mg SR (Glucophage) (Formula 71),MFG-0071,2025-09-28,2026-10-27,27 Oct 2026,19,500,239,68.0,82.0,RECALLED,True,False,RACK-G-SHELF-1,pharmaflow-main,SYNTHETIC_OPERATIONAL_RECORD,2025-09-28T12:00:00Z
BATCH-0072,PAN171,MED-0072,Pantoprazole 40mg (Pan 40) (Formula 72),MFG-0072,2025-05-05,2026-11-04,04 Nov 2026,27,500,181,87.5,108.2,RECALLED,True,False,RACK-H-SHELF-2,pharmaflow-main,SYNTHETIC_OPERATIONAL_RECORD,2025-05-05T12:00:00Z
BATCH-0073,PAN172,MED-0073,Pantoprazole + Domperidone (Pan-D) (Formula 73),MFG-0073,2025-08-06,2026-10-26,26 Oct 2026,18,100,49,150.0,184.4,RECALLED,True,False,RACK-A-SHELF-3,pharmaflow-main,SYNTHETIC_OPERATIONAL_RECORD,2025-08-06T12:00:00Z
BATCH-0074,OME173,MED-0074,Omeprazole 20mg (Omez) (Formula 74),MFG-0074,2025-06-12,2026-10-26,26 Oct 2026,18,300,252,69.5,84.6,RECALLED,True,False,RACK-B-SHELF-4,pharmaflow-main,SYNTHETIC_OPERATIONAL_RECORD,2025-06-12T12:00:00Z
BATCH-0075,TEL174,MED-0075,Telmisartan 40mg (Telma 40) (Formula 75),MFG-0075,2025-01-05,2026-10-26,26 Oct 2026,18,500,72,108.0,134.8,RECALLED,True,False,RACK-C-SHELF-5,pharmaflow-main,SYNTHETIC_OPERATIONAL_RECORD,2025-01-05T12:00:00Z
BATCH-0076,TEL175,MED-0076,Telmisartan + Amlodipine (Telma-AM) (Formula 76),MFG-0076,2025-05-03,2026-10-31,31 Oct 2026,23,500,48,152.5,188.0,RECALLED,True,False,RACK-D-SHELF-1,pharmaflow-main,SYNTHETIC_OPERATIONAL_RECORD,2025-05-03T12:00:00Z
BATCH-0077,ATO176,MED-0077,Atorvastatin 10mg (Atorva 10) (Formula 77),MFG-0077,2025-07-26,2026-10-24,24 Oct 2026,16,150,49,125.0,157.2,RECALLED,True,False,RACK-E-SHELF-2,pharmaflow-main,SYNTHETIC_OPERATIONAL_RECORD,2025-07-26T12:00:00Z
BATCH-0078,ROS177,MED-0078,Rosuvastatin 10mg (Rosuvas 10) (Formula 78),MFG-0078,2025-01-01,2026-10-30,30 Oct 2026,22,100,35,135.0,168.0,RECALLED,True,True,RACK-F-SHELF-3,pharmaflow-main,SYNTHETIC_OPERATIONAL_RECORD,2025-01-01T12:00:00Z
BATCH-0079,CIP178,MED-0079,Ciprofloxacin 500mg (Ciplox 500) (Formula 79),MFG-0079,2025-01-22,2026-11-06,06 Nov 2026,29,150,82,74.5,91.2,RECALLED,True,False,RACK-G-SHELF-4,pharmaflow-main,SYNTHETIC_OPERATIONAL_RECORD,2025-01-22T12:00:00Z
BATCH-0080,OFL179,MED-0080,Ofloxacin + Ornidazole (O2) (Formula 80),MFG-0080,2025-01-30,2026-11-03,03 Nov 2026,26,200,136,120.0,148.4,RECALLED,True,False,RACK-H-SHELF-5,pharmaflow-main,SYNTHETIC_OPERATIONAL_RECORD,2025-01-30T12:00:00Z
BATCH-0081,MON180,MED-0081,Montelukast + Levocetirizine (Montair-LC) (Formula 81),MFG-0081,2025-10-15,2026-11-03,03 Nov 2026,26,100,73,165.5,204.6,RECALLED,True,False,RACK-A-SHELF-1,pharmaflow-main,SYNTHETIC_OPERATIONAL_RECORD,2025-10-15T12:00:00Z
BATCH-0082,IBU181,MED-0082,Ibuprofen 400mg (Brufen 400) (Formula 82),MFG-0082,2024-12-22,2026-10-26,26 Oct 2026,18,150,125,38.0,47.8,RECALLED,True,False,RACK-B-SHELF-2,pharmaflow-main,SYNTHETIC_OPERATIONAL_RECORD,2024-12-22T12:00:00Z
BATCH-0083,ACE182,MED-0083,Aceclofenac + Paracetamol (Zerodol-P) (Formula 83),MFG-0083,2025-03-05,2026-11-04,04 Nov 2026,27,100,38,87.5,108.0,RECALLED,True,False,RACK-C-SHELF-3,pharmaflow-main,SYNTHETIC_OPERATIONAL_RECORD,2025-03-05T12:00:00Z
BATCH-0084,VIL183,MED-0084,Vildagliptin + Metformin (Galvus Met) (Formula 84),MFG-0084,2025-07-27,2026-11-07,07 Nov 2026,30,500,414,255.0,317.2,RECALLED,True,False,RACK-D-SHELF-4,pharmaflow-main,SYNTHETIC_OPERATIONAL_RECORD,2025-07-27T12:00:00Z
BATCH-0085,RAB184,MED-0085,Rabeprazole 20mg (Razo 20) (Formula 85),MFG-0085,2025-07-31,2026-10-29,29 Oct 2026,21,500,48,112.0,138.0,RECALLED,True,False,RACK-E-SHELF-5,pharmaflow-main,SYNTHETIC_OPERATIONAL_RECORD,2025-07-31T12:00:00Z
BATCH-0086,COU185,MED-0086,Cough Syrup (Ascoril-D) (Formula 86),MFG-0086,2025-09-29,2026-10-29,29 Oct 2026,21,100,62,90.5,113.2,RECALLED,True,False,RACK-F-SHELF-1,pharmaflow-main,SYNTHETIC_OPERATIONAL_RECORD,2025-09-29T12:00:00Z
BATCH-0087,ORA186,MED-0087,Oral Rehydration Salts (Electral ORS) (Formula 87),MFG-0087,2024-11-11,2026-11-06,06 Nov 2026,29,150,102,23.0,28.9,RECALLED,True,False,RACK-G-SHELF-2,pharmaflow-main,SYNTHETIC_OPERATIONAL_RECORD,2024-11-11T12:00:00Z
BATCH-0088,MUL187,MED-0088,Multivitamin + Zinc (Becadexamin) (Formula 88),MFG-0088,2025-05-02,2026-11-04,04 Nov 2026,27,100,33,49.5,61.6,RECALLED,True,False,RACK-H-SHELF-3,pharmaflow-main,SYNTHETIC_OPERATIONAL_RECORD,2025-05-02T12:00:00Z
BATCH-0089,THY188,MED-0089,Thyroxine Sodium 50mcg (Thyronorm 50) (Formula 89),MFG-0089,2025-01-04,2026-10-31,31 Oct 2026,23,100,37,135.0,167.8,RECALLED,True,True,RACK-A-SHELF-4,pharmaflow-main,SYNTHETIC_OPERATIONAL_RECORD,2025-01-04T12:00:00Z
BATCH-0090,CLO189,MED-0090,Clopidogrel 75mg (Clopilet 75) (Formula 90),MFG-0090,2025-05-16,2026-10-28,28 Oct 2026,20,150,90,142.5,178.0,RECALLED,True,False,RACK-B-SHELF-5,pharmaflow-main,SYNTHETIC_OPERATIONAL_RECORD,2025-05-16T12:00:00Z
BATCH-0091,PAR190,MED-0091,Paracetamol 500mg (Formula 91),MFG-0091,2024-12-09,2026-11-01,01 Nov 2026,24,250,64,40.0,49.2,RECALLED,True,False,RACK-C-SHELF-1,pharmaflow-main,SYNTHETIC_OPERATIONAL_RECORD,2024-12-09T12:00:00Z
BATCH-0092,PAR191,MED-0092,Paracetamol 650mg (Dolo 650) (Formula 92),MFG-0092,2025-08-01,2026-10-29,29 Oct 2026,21,400,93,32.0,38.0,RECALLED,True,False,RACK-D-SHELF-2,pharmaflow-main,SYNTHETIC_OPERATIONAL_RECORD,2025-08-01T12:00:00Z
BATCH-0093,VIT192,MED-0093,Vitamin D3 60K (Calcirol) (Formula 93),MFG-0093,2025-05-09,2026-11-07,07 Nov 2026,30,150,86,67.5,83.2,RECALLED,True,False,RACK-E-SHELF-3,pharmaflow-main,SYNTHETIC_OPERATIONAL_RECORD,2025-05-09T12:00:00Z
BATCH-0094,AMO193,MED-0094,Amoxicillin 500mg (Novamox) (Formula 94),MFG-0094,2025-05-27,2026-10-31,31 Oct 2026,23,400,28,100.0,121.4,RECALLED,True,False,RACK-F-SHELF-4,pharmaflow-main,SYNTHETIC_OPERATIONAL_RECORD,2025-05-27T12:00:00Z
BATCH-0095,AMO194,MED-0095,Amoxicillin + Clavulanic Acid 625mg (Augmentin) (Formula 95),MFG-0095,2025-08-24,2026-10-28,28 Oct 2026,20,150,130,172.5,214.6,RECALLED,True,False,RACK-G-SHELF-5,pharmaflow-main,SYNTHETIC_OPERATIONAL_RECORD,2025-08-24T12:00:00Z
BATCH-0096,CET195,MED-0096,Cetirizine 10mg (Cetzine) (Formula 96),MFG-0096,2025-04-20,2026-11-06,06 Nov 2026,29,500,86,45.0,54.8,RECALLED,True,False,RACK-H-SHELF-1,pharmaflow-main,SYNTHETIC_OPERATIONAL_RECORD,2025-04-20T12:00:00Z
BATCH-0097,LEV196,MED-0097,Levocetirizine 5mg (Levocet) (Formula 97),MFG-0097,2025-10-21,2026-11-06,06 Nov 2026,29,150,49,60.5,74.0,RECALLED,True,False,RACK-A-SHELF-2,pharmaflow-main,SYNTHETIC_OPERATIONAL_RECORD,2025-10-21T12:00:00Z
BATCH-0098,AZI197,MED-0098,Azithromycin 250mg (Azee 250) (Formula 98),MFG-0098,2025-07-17,2026-11-07,07 Nov 2026,30,400,91,135.0,164.2,RECALLED,True,False,RACK-B-SHELF-3,pharmaflow-main,SYNTHETIC_OPERATIONAL_RECORD,2025-07-17T12:00:00Z
BATCH-0099,AZI198,MED-0099,Azithromycin 500mg (Azithral 500) (Formula 99),MFG-0099,2025-02-10,2026-10-22,22 Oct 2026,14,150,46,175.0,215.0,RECALLED,True,False,RACK-C-SHELF-4,pharmaflow-main,SYNTHETIC_OPERATIONAL_RECORD,2025-02-10T12:00:00Z
BATCH-0100,MET199,MED-0100,Metformin 500mg (Glycomet 500) (Formula 100),MFG-0100,2025-06-22,2026-10-21,21 Oct 2026,13,200,99,47.5,58.2,RECALLED,True,False,RACK-D-SHELF-5,pharmaflow-main,SYNTHETIC_OPERATIONAL_RECORD,2025-06-22T12:00:00Z
BATCH-0101,MET200,MED-0101,Metformin 1000mg SR (Glucophage) (Formula 101),MFG-0101,2024-12-03,2026-10-24,24 Oct 2026,16,100,38,73.0,88.4,RECALLED,True,False,RACK-E-SHELF-1,pharmaflow-main,SYNTHETIC_OPERATIONAL_RECORD,2024-12-03T12:00:00Z
BATCH-0102,PAN201,MED-0102,Pantoprazole 40mg (Pan 40) (Formula 102),MFG-0102,2025-10-28,2026-11-02,02 Nov 2026,25,200,127,92.5,114.6,RECALLED,True,False,RACK-F-SHELF-2,pharmaflow-main,SYNTHETIC_OPERATIONAL_RECORD,2025-10-28T12:00:00Z
BATCH-0103,PAN202,MED-0103,Pantoprazole + Domperidone (Pan-D) (Formula 103),MFG-0103,2024-11-06,2026-10-26,26 Oct 2026,18,100,36,155.0,190.8,RECALLED,True,False,RACK-G-SHELF-3,pharmaflow-main,SYNTHETIC_OPERATIONAL_RECORD,2024-11-06T12:00:00Z
BATCH-0104,OME203,MED-0104,Omeprazole 20mg (Omez) (Formula 104),MFG-0104,2025-09-02,2026-10-27,27 Oct 2026,19,400,380,74.5,91.0,RECALLED,True,False,RACK-H-SHELF-4,pharmaflow-main,SYNTHETIC_OPERATIONAL_RECORD,2025-09-02T12:00:00Z
BATCH-0105,TEL204,MED-0105,Telmisartan 40mg (Telma 40) (Formula 105),MFG-0105,2025-04-06,2026-10-20,20 Oct 2026,12,250,43,113.0,141.2,RECALLED,True,False,RACK-A-SHELF-5,pharmaflow-main,SYNTHETIC_OPERATIONAL_RECORD,2025-04-06T12:00:00Z
BATCH-0106,TEL205,MED-0106,Telmisartan + Amlodipine (Telma-AM) (Formula 106),MFG-0106,2025-08-08,2026-11-01,01 Nov 2026,24,250,104,140.0,172.0,RECALLED,True,False,RACK-B-SHELF-1,pharmaflow-main,SYNTHETIC_OPERATIONAL_RECORD,2025-08-08T12:00:00Z
BATCH-0107,ATO206,MED-0107,Atorvastatin 10mg (Atorva 10) (Formula 107),MFG-0107,2025-05-05,2026-10-31,31 Oct 2026,23,300,88,112.5,141.2,RECALLED,True,False,RACK-C-SHELF-2,pharmaflow-main,SYNTHETIC_OPERATIONAL_RECORD,2025-05-05T12:00:00Z
BATCH-0108,ROS207,MED-0108,Rosuvastatin 10mg (Rosuvas 10) (Formula 108),MFG-0108,2025-02-19,2026-10-22,22 Oct 2026,14,500,38,140.0,174.4,RECALLED,True,False,RACK-D-SHELF-3,pharmaflow-main,SYNTHETIC_OPERATIONAL_RECORD,2025-02-19T12:00:00Z
BATCH-0109,CIP208,MED-0109,Ciprofloxacin 500mg (Ciplox 500) (Formula 109),MFG-0109,2024-12-08,2026-11-06,06 Nov 2026,29,500,129,79.5,97.6,RECALLED,True,False,RACK-E-SHELF-4,pharmaflow-main,SYNTHETIC_OPERATIONAL_RECORD,2024-12-08T12:00:00Z
BATCH-0110,OFL209,MED-0110,Ofloxacin + Ornidazole (O2) (Formula 110),MFG-0110,2025-08-04,2026-10-26,26 Oct 2026,18,250,212,125.0,154.8,RECALLED,True,False,RACK-F-SHELF-5,pharmaflow-main,SYNTHETIC_OPERATIONAL_RECORD,2025-08-04T12:00:00Z
BATCH-0111,MON210,MED-0111,Montelukast + Levocetirizine (Montair-LC) (Formula 111),MFG-0111,2025-05-23,2026-10-20,20 Oct 2026,12,100,40,170.5,211.0,RECALLED,True,True,RACK-G-SHELF-1,pharmaflow-main,SYNTHETIC_OPERATIONAL_RECORD,2025-05-23T12:00:00Z
BATCH-0112,IBU211,MED-0112,Ibuprofen 400mg (Brufen 400) (Formula 112),MFG-0112,2025-09-04,2026-10-27,27 Oct 2026,19,100,37,43.0,54.2,RECALLED,True,False,RACK-H-SHELF-2,pharmaflow-main,SYNTHETIC_OPERATIONAL_RECORD,2025-09-04T12:00:00Z
BATCH-0113,ACE212,MED-0113,Aceclofenac + Paracetamol (Zerodol-P) (Formula 113),MFG-0113,2025-04-15,2026-10-24,24 Oct 2026,16,150,111,75.0,92.0,RECALLED,True,False,RACK-A-SHELF-3,pharmaflow-main,SYNTHETIC_OPERATIONAL_RECORD,2025-04-15T12:00:00Z
BATCH-0114,VIL213,MED-0114,Vildagliptin + Metformin (Galvus Met) (Formula 114),MFG-0114,2025-09-19,2026-11-05,05 Nov 2026,28,200,28,242.5,301.2,RECALLED,True,False,RACK-B-SHELF-4,pharmaflow-main,SYNTHETIC_OPERATIONAL_RECORD,2025-09-19T12:00:00Z
BATCH-0115,RAB214,MED-0115,Rabeprazole 20mg (Razo 20) (Formula 115),MFG-0115,2025-03-05,2026-11-07,07 Nov 2026,30,400,365,117.0,144.4,RECALLED,True,False,RACK-C-SHELF-5,pharmaflow-main,SYNTHETIC_OPERATIONAL_RECORD,2025-03-05T12:00:00Z
BATCH-0116,COU215,MED-0116,Cough Syrup (Ascoril-D) (Formula 116),MFG-0116,2024-12-02,2026-11-01,01 Nov 2026,24,150,19,95.5,119.6,NEAR_EXPIRY,False,False,RACK-D-SHELF-1,pharmaflow-main,SYNTHETIC_OPERATIONAL_RECORD,2024-12-02T12:00:00Z
BATCH-0117,ORA216,MED-0117,Oral Rehydration Salts (Electral ORS) (Formula 117),MFG-0117,2025-09-27,2026-10-24,24 Oct 2026,16,100,38,28.0,35.3,NEAR_EXPIRY,False,False,RACK-E-SHELF-2,pharmaflow-main,SYNTHETIC_OPERATIONAL_RECORD,2025-09-27T12:00:00Z
BATCH-0118,MUL217,MED-0118,Multivitamin + Zinc (Becadexamin) (Formula 118),MFG-0118,2025-07-20,2026-10-25,25 Oct 2026,17,250,52,54.5,68.0,NEAR_EXPIRY,False,False,RACK-F-SHELF-3,pharmaflow-main,SYNTHETIC_OPERATIONAL_RECORD,2025-07-20T12:00:00Z
BATCH-0119,THY218,MED-0119,Thyroxine Sodium 50mcg (Thyronorm 50) (Formula 119),MFG-0119,2025-02-02,2026-11-05,05 Nov 2026,28,200,11,140.0,174.2,NEAR_EXPIRY,False,False,RACK-G-SHELF-4,pharmaflow-main,SYNTHETIC_OPERATIONAL_RECORD,2025-02-02T12:00:00Z
BATCH-0120,CLO219,MED-0120,Clopidogrel 75mg (Clopilet 75) (Formula 120),MFG-0120,2025-05-29,2026-10-28,28 Oct 2026,20,150,106,130.0,162.0,NEAR_EXPIRY,False,False,RACK-H-SHELF-5,pharmaflow-main,SYNTHETIC_OPERATIONAL_RECORD,2025-05-29T12:00:00Z
BATCH-0121,PAR220,MED-0121,Paracetamol 500mg (Formula 121),MFG-0121,2025-06-10,2026-12-28,28 Dec 2026,81,300,29,27.5,33.2,AVAILABLE,False,False,RACK-A-SHELF-1,pharmaflow-main,SYNTHETIC_OPERATIONAL_RECORD,2025-06-10T12:00:00Z
BATCH-0122,PAR221,MED-0122,Paracetamol 650mg (Dolo 650) (Formula 122),MFG-0122,2026-03-18,2027-04-14,14 Apr 2027,188,200,180,37.0,44.4,QUARANTINED,False,True,RACK-B-SHELF-2,pharmaflow-main,SYNTHETIC_OPERATIONAL_RECORD,2026-03-18T12:00:00Z
BATCH-0123,VIT222,MED-0123,Vitamin D3 60K (Calcirol) (Formula 123),MFG-0123,2026-12-06,2028-01-19,19 Jan 2028,468,200,11,72.5,89.6,AVAILABLE,False,False,RACK-C-SHELF-3,pharmaflow-main,SYNTHETIC_OPERATIONAL_RECORD,2026-12-06T12:00:00Z
BATCH-0124,AMO223,MED-0124,Amoxicillin 500mg (Novamox) (Formula 124),MFG-0124,2026-12-02,2028-03-13,13 Mar 2028,522,100,77,105.0,127.8,AVAILABLE,False,False,RACK-D-SHELF-4,pharmaflow-main,SYNTHETIC_OPERATIONAL_RECORD,2026-12-02T12:00:00Z
BATCH-0125,AMO224,MED-0125,Amoxicillin + Clavulanic Acid 625mg (Augmentin) (Formula 125),MFG-0125,2026-03-12,2027-06-07,07 Jun 2027,242,400,231,177.5,221.0,AVAILABLE,False,False,RACK-E-SHELF-5,pharmaflow-main,SYNTHETIC_OPERATIONAL_RECORD,2026-03-12T12:00:00Z
BATCH-0126,CET225,MED-0126,Cetirizine 10mg (Cetzine) (Formula 126),MFG-0126,2025-06-02,2027-01-30,30 Jan 2027,114,500,421,50.0,61.2,AVAILABLE,False,False,RACK-F-SHELF-1,pharmaflow-main,SYNTHETIC_OPERATIONAL_RECORD,2025-06-02T12:00:00Z
BATCH-0127,LEV226,MED-0127,Levocetirizine 5mg (Levocet) (Formula 127),MFG-0127,2026-02-28,2027-09-19,19 Sep 2027,346,250,105,48.0,58.0,AVAILABLE,False,False,RACK-G-SHELF-2,pharmaflow-main,SYNTHETIC_OPERATIONAL_RECORD,2026-02-28T12:00:00Z
BATCH-0128,AZI227,MED-0128,Azithromycin 250mg (Azee 250) (Formula 128),MFG-0128,2026-06-21,2027-08-06,06 Aug 2027,302,400,102,122.5,148.2,AVAILABLE,False,False,RACK-H-SHELF-3,pharmaflow-main,SYNTHETIC_OPERATIONAL_RECORD,2026-06-21T12:00:00Z
BATCH-0129,AZI228,MED-0129,Azithromycin 500mg (Azithral 500) (Formula 129),MFG-0129,2026-09-06,2027-12-09,09 Dec 2027,427,200,83,180.0,221.4,AVAILABLE,False,False,RACK-A-SHELF-4,pharmaflow-main,SYNTHETIC_OPERATIONAL_RECORD,2026-09-06T12:00:00Z
BATCH-0130,MET229,MED-0130,Metformin 500mg (Glycomet 500) (Formula 130),MFG-0130,2026-08-18,2027-11-21,21 Nov 2027,409,250,219,52.5,64.6,AVAILABLE,False,False,RACK-B-SHELF-5,pharmaflow-main,SYNTHETIC_OPERATIONAL_RECORD,2026-08-18T12:00:00Z
BATCH-0131,MET230,MED-0131,Metformin 1000mg SR (Glucophage) (Formula 131),MFG-0131,2025-12-22,2027-08-04,04 Aug 2027,300,250,163,78.0,94.8,AVAILABLE,False,False,RACK-C-SHELF-1,pharmaflow-main,SYNTHETIC_OPERATIONAL_RECORD,2025-12-22T12:00:00Z
BATCH-0132,PAN231,MED-0132,Pantoprazole 40mg (Pan 40) (Formula 132),MFG-0132,2026-02-10,2027-06-27,27 Jun 2027,262,300,249,97.5,121.0,AVAILABLE,False,False,RACK-D-SHELF-2,pharmaflow-main,SYNTHETIC_OPERATIONAL_RECORD,2026-02-10T12:00:00Z
BATCH-0133,PAN232,MED-0133,Pantoprazole + Domperidone (Pan-D) (Formula 133),MFG-0133,2025-04-20,2027-04-11,11 Apr 2027,185,400,331,160.0,197.2,QUARANTINED,False,True,RACK-E-SHELF-3,pharmaflow-main,SYNTHETIC_OPERATIONAL_RECORD,2025-04-20T12:00:00Z
BATCH-0134,OME233,MED-0134,Omeprazole 20mg (Omez) (Formula 134),MFG-0134,2025-02-26,2027-02-03,03 Feb 2027,118,200,42,62.0,75.0,AVAILABLE,False,False,RACK-F-SHELF-4,pharmaflow-main,SYNTHETIC_OPERATIONAL_RECORD,2025-02-26T12:00:00Z
BATCH-0135,TEL234,MED-0135,Telmisartan 40mg (Telma 40) (Formula 135),MFG-0135,2026-03-10,2028-01-05,05 Jan 2028,454,150,115,100.5,125.2,AVAILABLE,False,False,RACK-G-SHELF-5,pharmaflow-main,SYNTHETIC_OPERATIONAL_RECORD,2026-03-10T12:00:00Z
BATCH-0136,TEL235,MED-0136,Telmisartan + Amlodipine (Telma-AM) (Formula 136),MFG-0136,2026-03-17,2027-12-09,09 Dec 2027,427,250,93,145.0,178.4,AVAILABLE,False,False,RACK-H-SHELF-1,pharmaflow-main,SYNTHETIC_OPERATIONAL_RECORD,2026-03-17T12:00:00Z
BATCH-0137,ATO236,MED-0137,Atorvastatin 10mg (Atorva 10) (Formula 137),MFG-0137,2026-05-20,2028-03-08,08 Mar 2028,517,150,9,117.5,147.6,AVAILABLE,False,False,RACK-A-SHELF-2,pharmaflow-main,SYNTHETIC_OPERATIONAL_RECORD,2026-05-20T12:00:00Z
BATCH-0138,ROS237,MED-0138,Rosuvastatin 10mg (Rosuvas 10) (Formula 138),MFG-0138,2026-08-01,2027-09-10,10 Sep 2027,337,250,12,145.0,180.8,AVAILABLE,False,False,RACK-B-SHELF-3,pharmaflow-main,SYNTHETIC_OPERATIONAL_RECORD,2026-08-01T12:00:00Z
BATCH-0139,CIP238,MED-0139,Ciprofloxacin 500mg (Ciplox 500) (Formula 139),MFG-0139,2025-03-31,2026-12-13,13 Dec 2026,66,300,16,84.5,104.0,AVAILABLE,False,False,RACK-C-SHELF-4,pharmaflow-main,SYNTHETIC_OPERATIONAL_RECORD,2025-03-31T12:00:00Z
BATCH-0140,OFL239,MED-0140,Ofloxacin + Ornidazole (O2) (Formula 140),MFG-0140,2026-02-05,2027-04-07,07 Apr 2027,181,500,251,130.0,161.2,AVAILABLE,False,False,RACK-D-SHELF-5,pharmaflow-main,SYNTHETIC_OPERATIONAL_RECORD,2026-02-05T12:00:00Z
BATCH-0141,MON240,MED-0141,Montelukast + Levocetirizine (Montair-LC) (Formula 141),MFG-0141,2026-02-08,2027-05-04,04 May 2027,208,150,81,158.0,195.0,AVAILABLE,False,False,RACK-E-SHELF-1,pharmaflow-main,SYNTHETIC_OPERATIONAL_RECORD,2026-02-08T12:00:00Z
BATCH-0142,IBU241,MED-0142,Ibuprofen 400mg (Brufen 400) (Formula 142),MFG-0142,2026-02-24,2027-03-17,17 Mar 2027,160,250,210,30.5,38.2,AVAILABLE,False,False,RACK-F-SHELF-2,pharmaflow-main,SYNTHETIC_OPERATIONAL_RECORD,2026-02-24T12:00:00Z
BATCH-0143,ACE242,MED-0143,Aceclofenac + Paracetamol (Zerodol-P) (Formula 143),MFG-0143,2026-10-16,2028-01-27,27 Jan 2028,476,500,159,80.0,98.4,AVAILABLE,False,False,RACK-G-SHELF-3,pharmaflow-main,SYNTHETIC_OPERATIONAL_RECORD,2026-10-16T12:00:00Z
BATCH-0144,VIL243,MED-0144,Vildagliptin + Metformin (Galvus Met) (Formula 144),MFG-0144,2025-06-08,2027-04-08,08 Apr 2027,182,200,99,247.5,307.6,QUARANTINED,False,True,RACK-H-SHELF-4,pharmaflow-main,SYNTHETIC_OPERATIONAL_RECORD,2025-06-08T12:00:00Z
BATCH-0145,RAB244,MED-0145,Rabeprazole 20mg (Razo 20) (Formula 145),MFG-0145,2025-12-02,2027-01-15,15 Jan 2027,99,250,88,122.0,150.8,AVAILABLE,False,False,RACK-A-SHELF-5,pharmaflow-main,SYNTHETIC_OPERATIONAL_RECORD,2025-12-02T12:00:00Z
BATCH-0146,COU245,MED-0146,Cough Syrup (Ascoril-D) (Formula 146),MFG-0146,2026-03-12,2027-12-19,19 Dec 2027,437,200,110,100.5,126.0,AVAILABLE,False,False,RACK-B-SHELF-1,pharmaflow-main,SYNTHETIC_OPERATIONAL_RECORD,2026-03-12T12:00:00Z
BATCH-0147,ORA246,MED-0147,Oral Rehydration Salts (Electral ORS) (Formula 147),MFG-0147,2026-09-02,2028-04-23,23 Apr 2028,563,500,474,33.0,41.7,AVAILABLE,False,False,RACK-C-SHELF-2,pharmaflow-main,SYNTHETIC_OPERATIONAL_RECORD,2026-09-02T12:00:00Z
BATCH-0148,MUL247,MED-0148,Multivitamin + Zinc (Becadexamin) (Formula 148),MFG-0148,2026-09-25,2028-04-26,26 Apr 2028,566,100,27,42.0,52.0,AVAILABLE,False,False,RACK-D-SHELF-3,pharmaflow-main,SYNTHETIC_OPERATIONAL_RECORD,2026-09-25T12:00:00Z
BATCH-0149,THY248,MED-0149,Thyroxine Sodium 50mcg (Thyronorm 50) (Formula 149),MFG-0149,2026-01-25,2027-04-10,10 Apr 2027,184,300,229,127.5,158.2,AVAILABLE,False,False,RACK-E-SHELF-4,pharmaflow-main,SYNTHETIC_OPERATIONAL_RECORD,2026-01-25T12:00:00Z
BATCH-0150,CLO249,MED-0150,Clopidogrel 75mg (Clopilet 75) (Formula 150),MFG-0150,2025-05-12,2027-02-24,24 Feb 2027,139,500,429,135.0,168.4,AVAILABLE,False,False,RACK-F-SHELF-5,pharmaflow-main,SYNTHETIC_OPERATIONAL_RECORD,2025-05-12T12:00:00Z
BATCH-0151,PAR250,MED-0151,Paracetamol 500mg (Formula 151),MFG-0151,2025-11-26,2027-08-27,27 Aug 2027,323,200,75,32.5,39.6,AVAILABLE,False,False,RACK-G-SHELF-1,pharmaflow-main,SYNTHETIC_OPERATIONAL_RECORD,2025-11-26T12:00:00Z
BATCH-0152,PAR251,MED-0152,Paracetamol 650mg (Dolo 650) (Formula 152),MFG-0152,2026-01-21,2027-08-05,05 Aug 2027,301,400,132,42.0,50.8,AVAILABLE,False,False,RACK-H-SHELF-2,pharmaflow-main,SYNTHETIC_OPERATIONAL_RECORD,2026-01-21T12:00:00Z
BATCH-0153,VIT252,MED-0153,Vitamin D3 60K (Calcirol) (Formula 153),MFG-0153,2027-02-16,2028-03-06,06 Mar 2028,515,150,60,77.5,96.0,AVAILABLE,False,False,RACK-A-SHELF-3,pharmaflow-main,SYNTHETIC_OPERATIONAL_RECORD,2027-02-16T12:00:00Z
BATCH-0154,AMO253,MED-0154,Amoxicillin 500mg (Novamox) (Formula 154),MFG-0154,2026-10-13,2027-12-25,25 Dec 2027,443,300,75,110.0,134.2,AVAILABLE,False,False,RACK-B-SHELF-4,pharmaflow-main,SYNTHETIC_OPERATIONAL_RECORD,2026-10-13T12:00:00Z
BATCH-0155,AMO254,MED-0155,Amoxicillin + Clavulanic Acid 625mg (Augmentin) (Formula 155),MFG-0155,2025-05-29,2026-12-17,17 Dec 2026,70,200,4,165.0,205.0,QUARANTINED,False,True,RACK-C-SHELF-5,pharmaflow-main,SYNTHETIC_OPERATIONAL_RECORD,2025-05-29T12:00:00Z
BATCH-0156,CET255,MED-0156,Cetirizine 10mg (Cetzine) (Formula 156),MFG-0156,2026-06-14,2027-07-09,09 Jul 2027,274,400,137,37.5,45.2,AVAILABLE,False,False,RACK-D-SHELF-1,pharmaflow-main,SYNTHETIC_OPERATIONAL_RECORD,2026-06-14T12:00:00Z
BATCH-0157,LEV256,MED-0157,Levocetirizine 5mg (Levocet) (Formula 157),MFG-0157,2026-02-01,2027-08-10,10 Aug 2027,306,100,37,53.0,64.4,AVAILABLE,False,False,RACK-E-SHELF-2,pharmaflow-main,SYNTHETIC_OPERATIONAL_RECORD,2026-02-01T12:00:00Z
BATCH-0158,AZI257,MED-0158,Azithromycin 250mg (Azee 250) (Formula 158),MFG-0158,2026-04-08,2027-09-14,14 Sep 2027,341,200,55,127.5,154.6,AVAILABLE,False,False,RACK-F-SHELF-3,pharmaflow-main,SYNTHETIC_OPERATIONAL_RECORD,2026-04-08T12:00:00Z
BATCH-0159,AZI258,MED-0159,Azithromycin 500mg (Azithral 500) (Formula 159),MFG-0159,2025-10-23,2027-02-16,16 Feb 2027,131,150,54,185.0,227.8,AVAILABLE,False,False,RACK-G-SHELF-4,pharmaflow-main,SYNTHETIC_OPERATIONAL_RECORD,2025-10-23T12:00:00Z
BATCH-0160,MET259,MED-0160,Metformin 500mg (Glycomet 500) (Formula 160),MFG-0160,2026-08-24,2028-02-04,04 Feb 2028,484,200,74,57.5,71.0,AVAILABLE,False,False,RACK-H-SHELF-5,pharmaflow-main,SYNTHETIC_OPERATIONAL_RECORD,2026-08-24T12:00:00Z
BATCH-0161,MET260,MED-0161,Metformin 1000mg SR (Glucophage) (Formula 161),MFG-0161,2025-11-03,2027-02-07,07 Feb 2027,122,250,176,83.0,101.2,AVAILABLE,False,False,RACK-A-SHELF-1,pharmaflow-main,SYNTHETIC_OPERATIONAL_RECORD,2025-11-03T12:00:00Z
BATCH-0162,PAN261,MED-0162,Pantoprazole 40mg (Pan 40) (Formula 162),MFG-0162,2026-04-25,2027-12-29,29 Dec 2027,447,500,216,85.0,105.0,AVAILABLE,False,False,RACK-B-SHELF-2,pharmaflow-main,SYNTHETIC_OPERATIONAL_RECORD,2026-04-25T12:00:00Z
BATCH-0163,PAN262,MED-0163,Pantoprazole + Domperidone (Pan-D) (Formula 163),MFG-0163,2026-10-28,2027-11-25,25 Nov 2027,413,300,199,147.5,181.2,AVAILABLE,False,False,RACK-C-SHELF-3,pharmaflow-main,SYNTHETIC_OPERATIONAL_RECORD,2026-10-28T12:00:00Z
BATCH-0164,OME263,MED-0164,Omeprazole 20mg (Omez) (Formula 164),MFG-0164,2025-08-08,2027-01-14,14 Jan 2027,98,400,121,67.0,81.4,AVAILABLE,False,False,RACK-D-SHELF-4,pharmaflow-main,SYNTHETIC_OPERATIONAL_RECORD,2025-08-08T12:00:00Z
BATCH-0165,TEL264,MED-0165,Telmisartan 40mg (Telma 40) (Formula 165),MFG-0165,2026-10-18,2027-12-26,26 Dec 2027,444,500,45,105.5,131.6,AVAILABLE,False,False,RACK-E-SHELF-5,pharmaflow-main,SYNTHETIC_OPERATIONAL_RECORD,2026-10-18T12:00:00Z
BATCH-0166,TEL265,MED-0166,Telmisartan + Amlodipine (Telma-AM) (Formula 166),MFG-0166,2026-07-11,2028-04-27,27 Apr 2028,567,100,58,150.0,184.8,QUARANTINED,False,True,RACK-F-SHELF-1,pharmaflow-main,SYNTHETIC_OPERATIONAL_RECORD,2026-07-11T12:00:00Z
BATCH-0167,ATO266,MED-0167,Atorvastatin 10mg (Atorva 10) (Formula 167),MFG-0167,2026-02-11,2027-05-24,24 May 2027,228,500,451,122.5,154.0,AVAILABLE,False,False,RACK-G-SHELF-2,pharmaflow-main,SYNTHETIC_OPERATIONAL_RECORD,2026-02-11T12:00:00Z
BATCH-0168,ROS267,MED-0168,Rosuvastatin 10mg (Rosuvas 10) (Formula 168),MFG-0168,2026-07-05,2027-07-21,21 Jul 2027,286,250,218,150.0,187.2,AVAILABLE,False,False,RACK-H-SHELF-3,pharmaflow-main,SYNTHETIC_OPERATIONAL_RECORD,2026-07-05T12:00:00Z
BATCH-0169,CIP268,MED-0169,Ciprofloxacin 500mg (Ciplox 500) (Formula 169),MFG-0169,2025-11-17,2027-11-12,12 Nov 2027,400,150,60,72.0,88.0,AVAILABLE,False,False,RACK-A-SHELF-4,pharmaflow-main,SYNTHETIC_OPERATIONAL_RECORD,2025-11-17T12:00:00Z
BATCH-0170,OFL269,MED-0170,Ofloxacin + Ornidazole (O2) (Formula 170),MFG-0170,2026-03-28,2027-11-20,20 Nov 2027,408,300,77,117.5,145.2,AVAILABLE,False,False,RACK-B-SHELF-5,pharmaflow-main,SYNTHETIC_OPERATIONAL_RECORD,2026-03-28T12:00:00Z
BATCH-0171,MON270,MED-0171,Montelukast + Levocetirizine (Montair-LC) (Formula 171),MFG-0171,2025-03-31,2027-03-14,14 Mar 2027,157,100,50,163.0,201.4,AVAILABLE,False,False,RACK-C-SHELF-1,pharmaflow-main,SYNTHETIC_OPERATIONAL_RECORD,2025-03-31T12:00:00Z
BATCH-0172,IBU271,MED-0172,Ibuprofen 400mg (Brufen 400) (Formula 172),MFG-0172,2026-03-19,2027-11-24,24 Nov 2027,412,300,52,35.5,44.6,AVAILABLE,False,False,RACK-D-SHELF-2,pharmaflow-main,SYNTHETIC_OPERATIONAL_RECORD,2026-03-19T12:00:00Z
BATCH-0173,ACE272,MED-0173,Aceclofenac + Paracetamol (Zerodol-P) (Formula 173),MFG-0173,2025-09-08,2027-05-08,08 May 2027,212,300,101,85.0,104.8,AVAILABLE,False,False,RACK-E-SHELF-3,pharmaflow-main,SYNTHETIC_OPERATIONAL_RECORD,2025-09-08T12:00:00Z
BATCH-0174,VIL273,MED-0174,Vildagliptin + Metformin (Galvus Met) (Formula 174),MFG-0174,2026-08-04,2027-10-26,26 Oct 2027,383,500,23,252.5,314.0,AVAILABLE,False,False,RACK-F-SHELF-4,pharmaflow-main,SYNTHETIC_OPERATIONAL_RECORD,2026-08-04T12:00:00Z
BATCH-0175,RAB274,MED-0175,Rabeprazole 20mg (Razo 20) (Formula 175),MFG-0175,2025-08-12,2027-07-30,30 Jul 2027,295,100,44,127.0,157.2,AVAILABLE,False,False,RACK-G-SHELF-5,pharmaflow-main,SYNTHETIC_OPERATIONAL_RECORD,2025-08-12T12:00:00Z
BATCH-0176,COU275,MED-0176,Cough Syrup (Ascoril-D) (Formula 176),MFG-0176,2025-05-23,2026-12-06,06 Dec 2026,59,100,60,88.0,110.0,AVAILABLE,False,False,RACK-H-SHELF-1,pharmaflow-main,SYNTHETIC_OPERATIONAL_RECORD,2025-05-23T12:00:00Z
BATCH-0177,ORA276,MED-0177,Oral Rehydration Salts (Electral ORS) (Formula 177),MFG-0177,2026-02-22,2027-06-15,15 Jun 2027,250,400,265,20.5,25.7,QUARANTINED,False,True,RACK-A-SHELF-2,pharmaflow-main,SYNTHETIC_OPERATIONAL_RECORD,2026-02-22T12:00:00Z
BATCH-0178,MUL277,MED-0178,Multivitamin + Zinc (Becadexamin) (Formula 178),MFG-0178,2026-01-21,2027-06-07,07 Jun 2027,242,400,171,47.0,58.4,AVAILABLE,False,False,RACK-B-SHELF-3,pharmaflow-main,SYNTHETIC_OPERATIONAL_RECORD,2026-01-21T12:00:00Z
BATCH-0179,THY278,MED-0179,Thyroxine Sodium 50mcg (Thyronorm 50) (Formula 179),MFG-0179,2027-04-07,2028-04-16,16 Apr 2028,556,500,81,132.5,164.6,AVAILABLE,False,False,RACK-C-SHELF-4,pharmaflow-main,SYNTHETIC_OPERATIONAL_RECORD,2027-04-07T12:00:00Z
BATCH-0180,CLO279,MED-0180,Clopidogrel 75mg (Clopilet 75) (Formula 180),MFG-0180,2025-03-20,2026-11-17,17 Nov 2026,40,150,86,140.0,174.8,AVAILABLE,False,False,RACK-D-SHELF-5,pharmaflow-main,SYNTHETIC_OPERATIONAL_RECORD,2025-03-20T12:00:00Z
BATCH-0181,PAR280,MED-0181,Paracetamol 500mg (Formula 181),MFG-0181,2025-07-25,2026-11-16,16 Nov 2026,39,200,25,37.5,46.0,AVAILABLE,False,False,RACK-E-SHELF-1,pharmaflow-main,SYNTHETIC_OPERATIONAL_RECORD,2025-07-25T12:00:00Z
BATCH-0182,PAR281,MED-0182,Paracetamol 650mg (Dolo 650) (Formula 182),MFG-0182,2025-09-17,2027-09-16,16 Sep 2027,343,400,51,47.0,57.2,AVAILABLE,False,False,RACK-F-SHELF-2,pharmaflow-main,SYNTHETIC_OPERATIONAL_RECORD,2025-09-17T12:00:00Z
BATCH-0183,VIT282,MED-0183,Vitamin D3 60K (Calcirol) (Formula 183),MFG-0183,2026-01-12,2027-08-16,16 Aug 2027,312,250,12,65.0,80.0,AVAILABLE,False,False,RACK-G-SHELF-3,pharmaflow-main,SYNTHETIC_OPERATIONAL_RECORD,2026-01-12T12:00:00Z
BATCH-0184,AMO283,MED-0184,Amoxicillin 500mg (Novamox) (Formula 184),MFG-0184,2026-03-10,2027-10-31,31 Oct 2027,388,200,125,97.5,118.2,AVAILABLE,False,False,RACK-H-SHELF-4,pharmaflow-main,SYNTHETIC_OPERATIONAL_RECORD,2026-03-10T12:00:00Z
BATCH-0185,AMO284,MED-0185,Amoxicillin + Clavulanic Acid 625mg (Augmentin) (Formula 185),MFG-0185,2026-09-27,2028-02-28,28 Feb 2028,508,400,114,170.0,211.4,AVAILABLE,False,False,RACK-A-SHELF-5,pharmaflow-main,SYNTHETIC_OPERATIONAL_RECORD,2026-09-27T12:00:00Z
BATCH-0186,CET285,MED-0186,Cetirizine 10mg (Cetzine) (Formula 186),MFG-0186,2026-02-23,2027-12-19,19 Dec 2027,437,100,80,42.5,51.6,AVAILABLE,False,False,RACK-B-SHELF-1,pharmaflow-main,SYNTHETIC_OPERATIONAL_RECORD,2026-02-23T12:00:00Z
BATCH-0187,LEV286,MED-0187,Levocetirizine 5mg (Levocet) (Formula 187),MFG-0187,2026-05-11,2028-04-14,14 Apr 2028,554,500,51,58.0,70.8,AVAILABLE,False,False,RACK-C-SHELF-2,pharmaflow-main,SYNTHETIC_OPERATIONAL_RECORD,2026-05-11T12:00:00Z
BATCH-0188,AZI287,MED-0188,Azithromycin 250mg (Azee 250) (Formula 188),MFG-0188,2026-02-12,2027-11-26,26 Nov 2027,414,400,76,132.5,161.0,QUARANTINED,False,True,RACK-D-SHELF-3,pharmaflow-main,SYNTHETIC_OPERATIONAL_RECORD,2026-02-12T12:00:00Z
BATCH-0189,AZI288,MED-0189,Azithromycin 500mg (Azithral 500) (Formula 189),MFG-0189,2026-03-25,2027-08-24,24 Aug 2027,320,400,325,190.0,234.2,AVAILABLE,False,False,RACK-E-SHELF-4,pharmaflow-main,SYNTHETIC_OPERATIONAL_RECORD,2026-03-25T12:00:00Z
BATCH-0190,MET289,MED-0190,Metformin 500mg (Glycomet 500) (Formula 190),MFG-0190,2027-02-12,2028-03-15,15 Mar 2028,524,200,110,45.0,55.0,AVAILABLE,False,False,RACK-F-SHELF-5,pharmaflow-main,SYNTHETIC_OPERATIONAL_RECORD,2027-02-12T12:00:00Z
BATCH-0191,MET290,MED-0191,Metformin 1000mg SR (Glucophage) (Formula 191),MFG-0191,2026-05-18,2027-10-06,06 Oct 2027,363,200,13,70.5,85.2,AVAILABLE,False,False,RACK-G-SHELF-1,pharmaflow-main,SYNTHETIC_OPERATIONAL_RECORD,2026-05-18T12:00:00Z
BATCH-0192,PAN291,MED-0192,Pantoprazole 40mg (Pan 40) (Formula 192),MFG-0192,2026-06-05,2027-09-09,09 Sep 2027,336,150,69,90.0,111.4,AVAILABLE,False,False,RACK-H-SHELF-2,pharmaflow-main,SYNTHETIC_OPERATIONAL_RECORD,2026-06-05T12:00:00Z
BATCH-0193,PAN292,MED-0193,Pantoprazole + Domperidone (Pan-D) (Formula 193),MFG-0193,2025-03-04,2027-01-05,05 Jan 2027,89,250,61,152.5,187.6,AVAILABLE,False,False,RACK-A-SHELF-3,pharmaflow-main,SYNTHETIC_OPERATIONAL_RECORD,2025-03-04T12:00:00Z
BATCH-0194,OME293,MED-0194,Omeprazole 20mg (Omez) (Formula 194),MFG-0194,2025-10-18,2027-10-01,01 Oct 2027,358,150,124,72.0,87.8,AVAILABLE,False,False,RACK-B-SHELF-4,pharmaflow-main,SYNTHETIC_OPERATIONAL_RECORD,2025-10-18T12:00:00Z
BATCH-0195,TEL294,MED-0195,Telmisartan 40mg (Telma 40) (Formula 195),MFG-0195,2026-11-01,2028-03-31,31 Mar 2028,540,200,73,110.5,138.0,AVAILABLE,False,False,RACK-C-SHELF-5,pharmaflow-main,SYNTHETIC_OPERATIONAL_RECORD,2026-11-01T12:00:00Z
BATCH-0196,TEL295,MED-0196,Telmisartan + Amlodipine (Telma-AM) (Formula 196),MFG-0196,2026-06-12,2027-12-27,27 Dec 2027,445,400,362,155.0,191.2,AVAILABLE,False,False,RACK-D-SHELF-1,pharmaflow-main,SYNTHETIC_OPERATIONAL_RECORD,2026-06-12T12:00:00Z
BATCH-0197,ATO296,MED-0197,Atorvastatin 10mg (Atorva 10) (Formula 197),MFG-0197,2025-11-27,2027-05-21,21 May 2027,225,400,15,110.0,138.0,AVAILABLE,False,False,RACK-E-SHELF-2,pharmaflow-main,SYNTHETIC_OPERATIONAL_RECORD,2025-11-27T12:00:00Z
BATCH-0198,ROS297,MED-0198,Rosuvastatin 10mg (Rosuvas 10) (Formula 198),MFG-0198,2025-07-07,2027-06-23,23 Jun 2027,258,300,37,137.5,171.2,AVAILABLE,False,False,RACK-F-SHELF-3,pharmaflow-main,SYNTHETIC_OPERATIONAL_RECORD,2025-07-07T12:00:00Z
BATCH-0199,CIP298,MED-0199,Ciprofloxacin 500mg (Ciplox 500) (Formula 199),MFG-0199,2026-02-24,2027-11-10,10 Nov 2027,398,200,137,77.0,94.4,QUARANTINED,False,True,RACK-G-SHELF-4,pharmaflow-main,SYNTHETIC_OPERATIONAL_RECORD,2026-02-24T12:00:00Z
BATCH-0200,OFL299,MED-0200,Ofloxacin + Ornidazole (O2) (Formula 200),MFG-0200,2025-12-13,2027-05-12,12 May 2027,216,100,20,122.5,151.6,AVAILABLE,False,False,RACK-H-SHELF-5,pharmaflow-main,SYNTHETIC_OPERATIONAL_RECORD,2025-12-13T12:00:00Z
BATCH-0201,MON300,MED-0201,Montelukast + Levocetirizine (Montair-LC) (Formula 201),MFG-0201,2025-11-07,2027-03-19,19 Mar 2027,162,400,94,168.0,207.8,AVAILABLE,False,False,RACK-A-SHELF-1,pharmaflow-main,SYNTHETIC_OPERATIONAL_RECORD,2025-11-07T12:00:00Z
BATCH-0202,IBU301,MED-0202,Ibuprofen 400mg (Brufen 400) (Formula 202),MFG-0202,2025-05-31,2027-05-14,14 May 2027,218,200,13,40.5,51.0,AVAILABLE,False,False,RACK-B-SHELF-2,pharmaflow-main,SYNTHETIC_OPERATIONAL_RECORD,2025-05-31T12:00:00Z
BATCH-0203,ACE302,MED-0203,Aceclofenac + Paracetamol (Zerodol-P) (Formula 203),MFG-0203,2025-10-17,2027-02-07,07 Feb 2027,122,200,123,90.0,111.2,AVAILABLE,False,False,RACK-C-SHELF-3,pharmaflow-main,SYNTHETIC_OPERATIONAL_RECORD,2025-10-17T12:00:00Z
BATCH-0204,VIL303,MED-0204,Vildagliptin + Metformin (Galvus Met) (Formula 204),MFG-0204,2026-02-15,2027-09-18,18 Sep 2027,345,500,26,240.0,298.0,AVAILABLE,False,False,RACK-D-SHELF-4,pharmaflow-main,SYNTHETIC_OPERATIONAL_RECORD,2026-02-15T12:00:00Z
BATCH-0205,RAB304,MED-0205,Rabeprazole 20mg (Razo 20) (Formula 205),MFG-0205,2026-04-06,2027-10-13,13 Oct 2027,370,200,31,114.5,141.2,AVAILABLE,False,False,RACK-E-SHELF-5,pharmaflow-main,SYNTHETIC_OPERATIONAL_RECORD,2026-04-06T12:00:00Z
BATCH-0206,COU305,MED-0206,Cough Syrup (Ascoril-D) (Formula 206),MFG-0206,2026-01-11,2027-09-05,05 Sep 2027,332,500,420,93.0,116.4,AVAILABLE,False,False,RACK-F-SHELF-1,pharmaflow-main,SYNTHETIC_OPERATIONAL_RECORD,2026-01-11T12:00:00Z
BATCH-0207,ORA306,MED-0207,Oral Rehydration Salts (Electral ORS) (Formula 207),MFG-0207,2027-02-05,2028-03-03,03 Mar 2028,512,500,156,25.5,32.1,AVAILABLE,False,False,RACK-G-SHELF-2,pharmaflow-main,SYNTHETIC_OPERATIONAL_RECORD,2027-02-05T12:00:00Z
BATCH-0208,MUL307,MED-0208,Multivitamin + Zinc (Becadexamin) (Formula 208),MFG-0208,2025-05-23,2027-01-19,19 Jan 2027,103,150,2,52.0,64.8,AVAILABLE,False,False,RACK-H-SHELF-3,pharmaflow-main,SYNTHETIC_OPERATIONAL_RECORD,2025-05-23T12:00:00Z
BATCH-0209,THY308,MED-0209,Thyroxine Sodium 50mcg (Thyronorm 50) (Formula 209),MFG-0209,2025-03-27,2027-03-10,10 Mar 2027,153,250,95,137.5,171.0,AVAILABLE,False,False,RACK-A-SHELF-4,pharmaflow-main,SYNTHETIC_OPERATIONAL_RECORD,2025-03-27T12:00:00Z
BATCH-0210,CLO309,MED-0210,Clopidogrel 75mg (Clopilet 75) (Formula 210),MFG-0210,2026-02-10,2027-09-09,09 Sep 2027,336,100,61,145.0,181.2,QUARANTINED,False,True,RACK-B-SHELF-5,pharmaflow-main,SYNTHETIC_OPERATIONAL_RECORD,2026-02-10T12:00:00Z
BATCH-0211,PAR310,MED-0211,Paracetamol 500mg (Formula 211),MFG-0211,2025-12-16,2027-03-28,28 Mar 2027,171,200,76,25.0,30.0,AVAILABLE,False,False,RACK-C-SHELF-1,pharmaflow-main,SYNTHETIC_OPERATIONAL_RECORD,2025-12-16T12:00:00Z
BATCH-0212,PAR311,MED-0212,Paracetamol 650mg (Dolo 650) (Formula 212),MFG-0212,2026-12-08,2028-02-19,19 Feb 2028,499,200,134,34.5,41.2,AVAILABLE,False,False,RACK-D-SHELF-2,pharmaflow-main,SYNTHETIC_OPERATIONAL_RECORD,2026-12-08T12:00:00Z
BATCH-0213,VIT312,MED-0213,Vitamin D3 60K (Calcirol) (Formula 213),MFG-0213,2025-05-25,2027-01-29,29 Jan 2027,113,200,19,70.0,86.4,AVAILABLE,False,False,RACK-E-SHELF-3,pharmaflow-main,SYNTHETIC_OPERATIONAL_RECORD,2025-05-25T12:00:00Z
BATCH-0214,AMO313,MED-0214,Amoxicillin 500mg (Novamox) (Formula 214),MFG-0214,2025-11-29,2027-05-08,08 May 2027,212,400,351,102.5,124.6,AVAILABLE,False,False,RACK-F-SHELF-4,pharmaflow-main,SYNTHETIC_OPERATIONAL_RECORD,2025-11-29T12:00:00Z
BATCH-0215,AMO314,MED-0215,Amoxicillin + Clavulanic Acid 625mg (Augmentin) (Formula 215),MFG-0001,2025-03-26,2026-11-12,12 Nov 2026,35,200,127,175.0,217.8,AVAILABLE,False,False,RACK-G-SHELF-5,pharmaflow-main,SYNTHETIC_OPERATIONAL_RECORD,2025-03-26T12:00:00Z
BATCH-0216,CET315,MED-0216,Cetirizine 10mg (Cetzine) (Formula 216),MFG-0002,2025-07-08,2027-04-29,29 Apr 2027,203,500,399,47.5,58.0,AVAILABLE,False,False,RACK-H-SHELF-1,pharmaflow-main,SYNTHETIC_OPERATIONAL_RECORD,2025-07-08T12:00:00Z
BATCH-0217,LEV316,MED-0217,Levocetirizine 5mg (Levocet) (Formula 217),MFG-0003,2027-02-07,2028-03-23,23 Mar 2028,532,150,19,63.0,77.2,AVAILABLE,False,False,RACK-A-SHELF-2,pharmaflow-main,SYNTHETIC_OPERATIONAL_RECORD,2027-02-07T12:00:00Z
BATCH-0218,AZI317,MED-0218,Azithromycin 250mg (Azee 250) (Formula 218),MFG-0004,2026-06-29,2028-01-21,21 Jan 2028,470,250,108,120.0,145.0,AVAILABLE,False,False,RACK-B-SHELF-3,pharmaflow-main,SYNTHETIC_OPERATIONAL_RECORD,2026-06-29T12:00:00Z
BATCH-0219,AZI318,MED-0219,Azithromycin 500mg (Azithral 500) (Formula 219),MFG-0005,2026-12-03,2027-12-05,05 Dec 2027,423,100,12,177.5,218.2,AVAILABLE,False,False,RACK-C-SHELF-4,pharmaflow-main,SYNTHETIC_OPERATIONAL_RECORD,2026-12-03T12:00:00Z
BATCH-0220,MET319,MED-0220,Metformin 500mg (Glycomet 500) (Formula 220),MFG-0006,2025-11-21,2027-05-31,31 May 2027,235,100,39,50.0,61.4,AVAILABLE,False,False,RACK-D-SHELF-5,pharmaflow-main,SYNTHETIC_OPERATIONAL_RECORD,2025-11-21T12:00:00Z
BATCH-0221,MET320,MED-0221,Metformin 1000mg SR (Glucophage) (Formula 221),MFG-0007,2027-01-28,2028-05-04,04 May 2028,574,100,80,75.5,91.6,QUARANTINED,False,True,RACK-E-SHELF-1,pharmaflow-main,SYNTHETIC_OPERATIONAL_RECORD,2027-01-28T12:00:00Z
BATCH-0222,PAN321,MED-0222,Pantoprazole 40mg (Pan 40) (Formula 222),MFG-0008,2026-03-27,2027-07-20,20 Jul 2027,285,400,204,95.0,117.8,AVAILABLE,False,False,RACK-F-SHELF-2,pharmaflow-main,SYNTHETIC_OPERATIONAL_RECORD,2026-03-27T12:00:00Z
BATCH-0223,PAN322,MED-0223,Pantoprazole + Domperidone (Pan-D) (Formula 223),MFG-0009,2026-07-19,2027-09-23,23 Sep 2027,350,100,31,157.5,194.0,AVAILABLE,False,False,RACK-G-SHELF-3,pharmaflow-main,SYNTHETIC_OPERATIONAL_RECORD,2026-07-19T12:00:00Z
BATCH-0224,OME323,MED-0224,Omeprazole 20mg (Omez) (Formula 224),MFG-0010,2026-06-10,2028-04-06,06 Apr 2028,546,200,138,77.0,94.2,AVAILABLE,False,False,RACK-H-SHELF-4,pharmaflow-main,SYNTHETIC_OPERATIONAL_RECORD,2026-06-10T12:00:00Z
BATCH-0225,TEL324,MED-0225,Telmisartan 40mg (Telma 40) (Formula 225),MFG-0011,2025-12-21,2027-01-13,13 Jan 2027,97,200,106,98.0,122.0,AVAILABLE,False,False,RACK-A-SHELF-5,pharmaflow-main,SYNTHETIC_OPERATIONAL_RECORD,2025-12-21T12:00:00Z
BATCH-0226,TEL325,MED-0226,Telmisartan + Amlodipine (Telma-AM) (Formula 226),MFG-0012,2026-05-27,2028-02-17,17 Feb 2028,497,300,12,142.5,175.2,AVAILABLE,False,False,RACK-B-SHELF-1,pharmaflow-main,SYNTHETIC_OPERATIONAL_RECORD,2026-05-27T12:00:00Z
BATCH-0227,ATO326,MED-0227,Atorvastatin 10mg (Atorva 10) (Formula 227),MFG-0013,2026-03-11,2027-10-19,19 Oct 2027,376,400,312,115.0,144.4,AVAILABLE,False,False,RACK-C-SHELF-2,pharmaflow-main,SYNTHETIC_OPERATIONAL_RECORD,2026-03-11T12:00:00Z
BATCH-0228,ROS327,MED-0228,Rosuvastatin 10mg (Rosuvas 10) (Formula 228),MFG-0014,2026-02-16,2027-10-24,24 Oct 2027,381,200,132,142.5,177.6,AVAILABLE,False,False,RACK-D-SHELF-3,pharmaflow-main,SYNTHETIC_OPERATIONAL_RECORD,2026-02-16T12:00:00Z
BATCH-0229,CIP328,MED-0229,Ciprofloxacin 500mg (Ciplox 500) (Formula 229),MFG-0015,2025-10-01,2027-04-25,25 Apr 2027,199,100,51,82.0,100.8,AVAILABLE,False,False,RACK-E-SHELF-4,pharmaflow-main,SYNTHETIC_OPERATIONAL_RECORD,2025-10-01T12:00:00Z
BATCH-0230,OFL329,MED-0230,Ofloxacin + Ornidazole (O2) (Formula 230),MFG-0016,2026-04-19,2027-06-25,25 Jun 2027,260,150,125,127.5,158.0,AVAILABLE,False,False,RACK-F-SHELF-5,pharmaflow-main,SYNTHETIC_OPERATIONAL_RECORD,2026-04-19T12:00:00Z
BATCH-0231,MON330,MED-0231,Montelukast + Levocetirizine (Montair-LC) (Formula 231),MFG-0017,2027-01-12,2028-04-07,07 Apr 2028,547,100,34,173.0,214.2,AVAILABLE,False,False,RACK-G-SHELF-1,pharmaflow-main,SYNTHETIC_OPERATIONAL_RECORD,2027-01-12T12:00:00Z
BATCH-0232,IBU331,MED-0232,Ibuprofen 400mg (Brufen 400) (Formula 232),MFG-0018,2025-06-07,2026-12-16,16 Dec 2026,69,400,250,28.0,35.0,QUARANTINED,False,True,RACK-H-SHELF-2,pharmaflow-main,SYNTHETIC_OPERATIONAL_RECORD,2025-06-07T12:00:00Z
BATCH-0233,ACE332,MED-0233,Aceclofenac + Paracetamol (Zerodol-P) (Formula 233),MFG-0019,2026-06-24,2028-05-08,08 May 2028,578,100,4,77.5,95.2,AVAILABLE,False,False,RACK-A-SHELF-3,pharmaflow-main,SYNTHETIC_OPERATIONAL_RECORD,2026-06-24T12:00:00Z
BATCH-0234,VIL333,MED-0234,Vildagliptin + Metformin (Galvus Met) (Formula 234),MFG-0020,2025-01-23,2026-12-27,27 Dec 2026,80,100,78,245.0,304.4,AVAILABLE,False,False,RACK-B-SHELF-4,pharmaflow-main,SYNTHETIC_OPERATIONAL_RECORD,2025-01-23T12:00:00Z
BATCH-0235,RAB334,MED-0235,Rabeprazole 20mg (Razo 20) (Formula 235),MFG-0021,2025-01-08,2026-12-27,27 Dec 2026,80,100,27,119.5,147.6,AVAILABLE,False,False,RACK-C-SHELF-5,pharmaflow-main,SYNTHETIC_OPERATIONAL_RECORD,2025-01-08T12:00:00Z
BATCH-0236,COU335,MED-0236,Cough Syrup (Ascoril-D) (Formula 236),MFG-0022,2026-07-26,2028-02-05,05 Feb 2028,485,100,10,98.0,122.8,AVAILABLE,False,False,RACK-D-SHELF-1,pharmaflow-main,SYNTHETIC_OPERATIONAL_RECORD,2026-07-26T12:00:00Z
BATCH-0237,ORA336,MED-0237,Oral Rehydration Salts (Electral ORS) (Formula 237),MFG-0023,2025-11-24,2027-07-24,24 Jul 2027,289,400,302,30.5,38.5,AVAILABLE,False,False,RACK-E-SHELF-2,pharmaflow-main,SYNTHETIC_OPERATIONAL_RECORD,2025-11-24T12:00:00Z
BATCH-0238,MUL337,MED-0238,Multivitamin + Zinc (Becadexamin) (Formula 238),MFG-0024,2025-06-16,2027-06-06,06 Jun 2027,241,400,58,57.0,71.2,AVAILABLE,False,False,RACK-F-SHELF-3,pharmaflow-main,SYNTHETIC_OPERATIONAL_RECORD,2025-06-16T12:00:00Z
BATCH-0239,THY338,MED-0239,Thyroxine Sodium 50mcg (Thyronorm 50) (Formula 239),MFG-0025,2025-06-16,2026-11-17,17 Nov 2026,40,250,61,125.0,155.0,AVAILABLE,False,False,RACK-G-SHELF-4,pharmaflow-main,SYNTHETIC_OPERATIONAL_RECORD,2025-06-16T12:00:00Z
BATCH-0240,CLO339,MED-0240,Clopidogrel 75mg (Clopilet 75) (Formula 240),MFG-0026,2025-03-17,2027-02-19,19 Feb 2027,134,300,142,132.5,165.2,AVAILABLE,False,False,RACK-H-SHELF-5,pharmaflow-main,SYNTHETIC_OPERATIONAL_RECORD,2025-03-17T12:00:00Z
BATCH-0241,PAR340,MED-0241,Paracetamol 500mg (Formula 241),MFG-0027,2025-08-26,2027-03-28,28 Mar 2027,171,500,20,30.0,36.4,AVAILABLE,False,False,RACK-A-SHELF-1,pharmaflow-main,SYNTHETIC_OPERATIONAL_RECORD,2025-08-26T12:00:00Z
BATCH-0242,PAR341,MED-0242,Paracetamol 650mg (Dolo 650) (Formula 242),MFG-0028,2025-06-07,2027-02-23,23 Feb 2027,138,400,64,39.5,47.6,AVAILABLE,False,False,RACK-B-SHELF-2,pharmaflow-main,SYNTHETIC_OPERATIONAL_RECORD,2025-06-07T12:00:00Z
BATCH-0243,VIT342,MED-0243,Vitamin D3 60K (Calcirol) (Formula 243),MFG-0029,2025-10-15,2027-03-08,08 Mar 2027,151,100,67,75.0,92.8,QUARANTINED,False,True,RACK-C-SHELF-3,pharmaflow-main,SYNTHETIC_OPERATIONAL_RECORD,2025-10-15T12:00:00Z
BATCH-0244,AMO343,MED-0244,Amoxicillin 500mg (Novamox) (Formula 244),MFG-0030,2026-12-21,2028-03-31,31 Mar 2028,540,300,178,107.5,131.0,AVAILABLE,False,False,RACK-D-SHELF-4,pharmaflow-main,SYNTHETIC_OPERATIONAL_RECORD,2026-12-21T12:00:00Z
BATCH-0245,AMO344,MED-0245,Amoxicillin + Clavulanic Acid 625mg (Augmentin) (Formula 245),MFG-0031,2025-11-10,2027-08-04,04 Aug 2027,300,150,39,180.0,224.2,AVAILABLE,False,False,RACK-E-SHELF-5,pharmaflow-main,SYNTHETIC_OPERATIONAL_RECORD,2025-11-10T12:00:00Z
BATCH-0246,CET345,MED-0246,Cetirizine 10mg (Cetzine) (Formula 246),MFG-0032,2026-08-03,2028-01-01,01 Jan 2028,450,150,120,35.0,42.0,AVAILABLE,False,False,RACK-F-SHELF-1,pharmaflow-main,SYNTHETIC_OPERATIONAL_RECORD,2026-08-03T12:00:00Z
BATCH-0247,LEV346,MED-0247,Levocetirizine 5mg (Levocet) (Formula 247),MFG-0033,2026-09-11,2028-05-22,22 May 2028,592,150,7,50.5,61.2,AVAILABLE,False,False,RACK-G-SHELF-2,pharmaflow-main,SYNTHETIC_OPERATIONAL_RECORD,2026-09-11T12:00:00Z
BATCH-0248,AZI347,MED-0248,Azithromycin 250mg (Azee 250) (Formula 248),MFG-0034,2026-06-14,2027-10-12,12 Oct 2027,369,100,79,125.0,151.4,AVAILABLE,False,False,RACK-H-SHELF-3,pharmaflow-main,SYNTHETIC_OPERATIONAL_RECORD,2026-06-14T12:00:00Z
BATCH-0249,AZI348,MED-0249,Azithromycin 500mg (Azithral 500) (Formula 249),MFG-0035,2025-12-13,2027-02-07,07 Feb 2027,122,500,187,182.5,224.6,AVAILABLE,False,False,RACK-A-SHELF-4,pharmaflow-main,SYNTHETIC_OPERATIONAL_RECORD,2025-12-13T12:00:00Z
BATCH-0250,MET349,MED-0250,Metformin 500mg (Glycomet 500) (Formula 250),MFG-0036,2027-01-11,2028-03-27,27 Mar 2028,536,100,15,55.0,67.8,AVAILABLE,False,False,RACK-B-SHELF-5,pharmaflow-main,SYNTHETIC_OPERATIONAL_RECORD,2027-01-11T12:00:00Z
BATCH-0251,MET350,MED-0251,Metformin 1000mg SR (Glucophage) (Formula 251),MFG-0037,2025-12-03,2027-01-23,23 Jan 2027,107,200,16,80.5,98.0,AVAILABLE,False,False,RACK-C-SHELF-1,pharmaflow-main,SYNTHETIC_OPERATIONAL_RECORD,2025-12-03T12:00:00Z
BATCH-0252,PAN351,MED-0252,Pantoprazole 40mg (Pan 40) (Formula 252),MFG-0038,2025-11-11,2027-07-02,02 Jul 2027,267,200,113,100.0,124.2,AVAILABLE,False,False,RACK-D-SHELF-2,pharmaflow-main,SYNTHETIC_OPERATIONAL_RECORD,2025-11-11T12:00:00Z
BATCH-0253,PAN352,MED-0253,Pantoprazole + Domperidone (Pan-D) (Formula 253),MFG-0039,2027-02-01,2028-02-26,26 Feb 2028,506,100,58,145.0,178.0,AVAILABLE,False,False,RACK-E-SHELF-3,pharmaflow-main,SYNTHETIC_OPERATIONAL_RECORD,2027-02-01T12:00:00Z
BATCH-0254,OME353,MED-0254,Omeprazole 20mg (Omez) (Formula 254),MFG-0040,2025-07-23,2026-12-18,18 Dec 2026,71,200,7,64.5,78.2,QUARANTINED,False,True,RACK-F-SHELF-4,pharmaflow-main,SYNTHETIC_OPERATIONAL_RECORD,2025-07-23T12:00:00Z
BATCH-0255,TEL354,MED-0255,Telmisartan 40mg (Telma 40) (Formula 255),MFG-0041,2026-02-18,2027-09-24,24 Sep 2027,351,400,321,103.0,128.4,AVAILABLE,False,False,RACK-G-SHELF-5,pharmaflow-main,SYNTHETIC_OPERATIONAL_RECORD,2026-02-18T12:00:00Z
BATCH-0256,TEL355,MED-0256,Telmisartan + Amlodipine (Telma-AM) (Formula 256),MFG-0042,2026-01-21,2027-02-13,13 Feb 2027,128,100,63,147.5,181.6,AVAILABLE,False,False,RACK-H-SHELF-1,pharmaflow-main,SYNTHETIC_OPERATIONAL_RECORD,2026-01-21T12:00:00Z
BATCH-0257,ATO356,MED-0257,Atorvastatin 10mg (Atorva 10) (Formula 257),MFG-0043,2025-11-14,2027-05-01,01 May 2027,205,200,68,120.0,150.8,AVAILABLE,False,False,RACK-A-SHELF-2,pharmaflow-main,SYNTHETIC_OPERATIONAL_RECORD,2025-11-14T12:00:00Z
BATCH-0258,ROS357,MED-0258,Rosuvastatin 10mg (Rosuvas 10) (Formula 258),MFG-0044,2026-06-23,2027-08-09,09 Aug 2027,305,200,93,147.5,184.0,AVAILABLE,False,False,RACK-B-SHELF-3,pharmaflow-main,SYNTHETIC_OPERATIONAL_RECORD,2026-06-23T12:00:00Z
BATCH-0259,CIP358,MED-0259,Ciprofloxacin 500mg (Ciplox 500) (Formula 259),MFG-0045,2026-03-17,2027-05-14,14 May 2027,218,250,128,87.0,107.2,AVAILABLE,False,False,RACK-C-SHELF-4,pharmaflow-main,SYNTHETIC_OPERATIONAL_RECORD,2026-03-17T12:00:00Z
BATCH-0260,OFL359,MED-0260,Ofloxacin + Ornidazole (O2) (Formula 260),MFG-0046,2026-10-02,2028-02-18,18 Feb 2028,498,500,283,115.0,142.0,AVAILABLE,False,False,RACK-D-SHELF-5,pharmaflow-main,SYNTHETIC_OPERATIONAL_RECORD,2026-10-02T12:00:00Z
BATCH-0261,MON360,MED-0261,Montelukast + Levocetirizine (Montair-LC) (Formula 261),MFG-0047,2026-08-09,2028-03-11,11 Mar 2028,520,400,295,160.5,198.2,AVAILABLE,False,False,RACK-E-SHELF-1,pharmaflow-main,SYNTHETIC_OPERATIONAL_RECORD,2026-08-09T12:00:00Z
BATCH-0262,IBU361,MED-0262,Ibuprofen 400mg (Brufen 400) (Formula 262),MFG-0048,2025-12-26,2027-03-03,03 Mar 2027,146,400,9,33.0,41.4,AVAILABLE,False,False,RACK-F-SHELF-2,pharmaflow-main,SYNTHETIC_OPERATIONAL_RECORD,2025-12-26T12:00:00Z
BATCH-0263,ACE362,MED-0263,Aceclofenac + Paracetamol (Zerodol-P) (Formula 263),MFG-0049,2025-10-18,2027-01-07,07 Jan 2027,91,100,27,82.5,101.6,AVAILABLE,False,False,RACK-G-SHELF-3,pharmaflow-main,SYNTHETIC_OPERATIONAL_RECORD,2025-10-18T12:00:00Z
BATCH-0264,VIL363,MED-0264,Vildagliptin + Metformin (Galvus Met) (Formula 264),MFG-0050,2026-05-30,2028-03-16,16 Mar 2028,525,400,156,250.0,310.8,AVAILABLE,False,False,RACK-H-SHELF-4,pharmaflow-main,SYNTHETIC_OPERATIONAL_RECORD,2026-05-30T12:00:00Z
BATCH-0265,RAB364,MED-0265,Rabeprazole 20mg (Razo 20) (Formula 265),MFG-0051,2025-07-04,2027-05-12,12 May 2027,216,250,31,124.5,154.0,QUARANTINED,False,True,RACK-A-SHELF-5,pharmaflow-main,SYNTHETIC_OPERATIONAL_RECORD,2025-07-04T12:00:00Z
BATCH-0266,COU365,MED-0266,Cough Syrup (Ascoril-D) (Formula 266),MFG-0052,2026-01-01,2027-11-10,10 Nov 2027,398,100,64,103.0,129.2,AVAILABLE,False,False,RACK-B-SHELF-1,pharmaflow-main,SYNTHETIC_OPERATIONAL_RECORD,2026-01-01T12:00:00Z
BATCH-0267,ORA366,MED-0267,Oral Rehydration Salts (Electral ORS) (Formula 267),MFG-0053,2026-07-11,2028-03-16,16 Mar 2028,525,100,28,18.0,22.5,AVAILABLE,False,False,RACK-C-SHELF-2,pharmaflow-main,SYNTHETIC_OPERATIONAL_RECORD,2026-07-11T12:00:00Z
BATCH-0268,MUL367,MED-0268,Multivitamin + Zinc (Becadexamin) (Formula 268),MFG-0054,2027-01-10,2028-02-02,02 Feb 2028,482,100,47,44.5,55.2,AVAILABLE,False,False,RACK-D-SHELF-3,pharmaflow-main,SYNTHETIC_OPERATIONAL_RECORD,2027-01-10T12:00:00Z
BATCH-0269,THY368,MED-0269,Thyroxine Sodium 50mcg (Thyronorm 50) (Formula 269),MFG-0055,2026-09-19,2027-09-25,25 Sep 2027,352,400,33,130.0,161.4,AVAILABLE,False,False,RACK-E-SHELF-4,pharmaflow-main,SYNTHETIC_OPERATIONAL_RECORD,2026-09-19T12:00:00Z
BATCH-0270,CLO369,MED-0270,Clopidogrel 75mg (Clopilet 75) (Formula 270),MFG-0056,2026-07-08,2028-04-28,28 Apr 2028,568,400,91,137.5,171.6,AVAILABLE,False,False,RACK-F-SHELF-5,pharmaflow-main,SYNTHETIC_OPERATIONAL_RECORD,2026-07-08T12:00:00Z
BATCH-0271,PAR370,MED-0271,Paracetamol 500mg (Formula 271),MFG-0057,2025-07-18,2027-06-25,25 Jun 2027,260,500,307,35.0,42.8,AVAILABLE,False,False,RACK-G-SHELF-1,pharmaflow-main,SYNTHETIC_OPERATIONAL_RECORD,2025-07-18T12:00:00Z
BATCH-0272,PAR371,MED-0272,Paracetamol 650mg (Dolo 650) (Formula 272),MFG-0058,2026-07-30,2028-04-22,22 Apr 2028,562,400,22,44.5,54.0,AVAILABLE,False,False,RACK-H-SHELF-2,pharmaflow-main,SYNTHETIC_OPERATIONAL_RECORD,2026-07-30T12:00:00Z
BATCH-0273,VIT372,MED-0273,Vitamin D3 60K (Calcirol) (Formula 273),MFG-0059,2025-07-07,2027-02-13,13 Feb 2027,128,400,8,80.0,99.2,AVAILABLE,False,False,RACK-A-SHELF-3,pharmaflow-main,SYNTHETIC_OPERATIONAL_RECORD,2025-07-07T12:00:00Z
BATCH-0274,AMO373,MED-0274,Amoxicillin 500mg (Novamox) (Formula 274),MFG-0060,2025-11-16,2027-07-20,20 Jul 2027,285,200,11,95.0,115.0,AVAILABLE,False,False,RACK-B-SHELF-4,pharmaflow-main,SYNTHETIC_OPERATIONAL_RECORD,2025-11-16T12:00:00Z
BATCH-0275,AMO374,MED-0275,Amoxicillin + Clavulanic Acid 625mg (Augmentin) (Formula 275),MFG-0061,2026-09-22,2027-12-07,07 Dec 2027,425,500,57,167.5,208.2,AVAILABLE,False,False,RACK-C-SHELF-5,pharmaflow-main,SYNTHETIC_OPERATIONAL_RECORD,2026-09-22T12:00:00Z
BATCH-0276,CET375,MED-0276,Cetirizine 10mg (Cetzine) (Formula 276),MFG-0062,2025-12-28,2027-01-02,02 Jan 2027,86,400,300,40.0,48.4,QUARANTINED,False,True,RACK-D-SHELF-1,pharmaflow-main,SYNTHETIC_OPERATIONAL_RECORD,2025-12-28T12:00:00Z
BATCH-0277,LEV376,MED-0277,Levocetirizine 5mg (Levocet) (Formula 277),MFG-0063,2026-08-12,2028-04-08,08 Apr 2028,548,500,227,55.5,67.6,AVAILABLE,False,False,RACK-E-SHELF-2,pharmaflow-main,SYNTHETIC_OPERATIONAL_RECORD,2026-08-12T12:00:00Z
BATCH-0278,AZI377,MED-0278,Azithromycin 250mg (Azee 250) (Formula 278),MFG-0064,2026-03-19,2027-04-26,26 Apr 2027,200,500,229,130.0,157.8,AVAILABLE,False,False,RACK-F-SHELF-3,pharmaflow-main,SYNTHETIC_OPERATIONAL_RECORD,2026-03-19T12:00:00Z
BATCH-0279,AZI378,MED-0279,Azithromycin 500mg (Azithral 500) (Formula 279),MFG-0065,2026-06-01,2027-10-02,02 Oct 2027,359,200,109,187.5,231.0,AVAILABLE,False,False,RACK-G-SHELF-4,pharmaflow-main,SYNTHETIC_OPERATIONAL_RECORD,2026-06-01T12:00:00Z
BATCH-0280,MET379,MED-0280,Metformin 500mg (Glycomet 500) (Formula 280),MFG-0066,2025-04-14,2026-12-29,29 Dec 2026,82,150,34,60.0,74.2,AVAILABLE,False,False,RACK-H-SHELF-5,pharmaflow-main,SYNTHETIC_OPERATIONAL_RECORD,2025-04-14T12:00:00Z
BATCH-0281,MET380,MED-0281,Metformin 1000mg SR (Glucophage) (Formula 281),MFG-0067,2026-08-27,2027-12-25,25 Dec 2027,443,100,22,68.0,82.0,AVAILABLE,False,False,RACK-A-SHELF-1,pharmaflow-main,SYNTHETIC_OPERATIONAL_RECORD,2026-08-27T12:00:00Z
BATCH-0282,PAN381,MED-0282,Pantoprazole 40mg (Pan 40) (Formula 282),MFG-0068,2026-04-18,2028-02-05,05 Feb 2028,485,250,208,87.5,108.2,AVAILABLE,False,False,RACK-B-SHELF-2,pharmaflow-main,SYNTHETIC_OPERATIONAL_RECORD,2026-04-18T12:00:00Z
BATCH-0283,PAN382,MED-0283,Pantoprazole + Domperidone (Pan-D) (Formula 283),MFG-0069,2026-08-17,2028-04-01,01 Apr 2028,541,200,150,150.0,184.4,AVAILABLE,False,False,RACK-C-SHELF-3,pharmaflow-main,SYNTHETIC_OPERATIONAL_RECORD,2026-08-17T12:00:00Z
BATCH-0284,OME383,MED-0284,Omeprazole 20mg (Omez) (Formula 284),MFG-0070,2026-05-02,2028-03-31,31 Mar 2028,540,100,67,69.5,84.6,AVAILABLE,False,False,RACK-D-SHELF-4,pharmaflow-main,SYNTHETIC_OPERATIONAL_RECORD,2026-05-02T12:00:00Z
BATCH-0285,TEL384,MED-0285,Telmisartan 40mg (Telma 40) (Formula 285),MFG-0071,2026-05-29,2027-12-26,26 Dec 2027,444,100,9,108.0,134.8,AVAILABLE,False,False,RACK-E-SHELF-5,pharmaflow-main,SYNTHETIC_OPERATIONAL_RECORD,2026-05-29T12:00:00Z
BATCH-0286,TEL385,MED-0286,Telmisartan + Amlodipine (Telma-AM) (Formula 286),MFG-0072,2027-05-24,2028-05-23,23 May 2028,593,500,434,152.5,188.0,AVAILABLE,False,False,RACK-F-SHELF-1,pharmaflow-main,SYNTHETIC_OPERATIONAL_RECORD,2027-05-24T12:00:00Z
BATCH-0287,ATO386,MED-0287,Atorvastatin 10mg (Atorva 10) (Formula 287),MFG-0073,2025-12-29,2027-09-15,15 Sep 2027,342,300,175,125.0,157.2,QUARANTINED,False,True,RACK-G-SHELF-2,pharmaflow-main,SYNTHETIC_OPERATIONAL_RECORD,2025-12-29T12:00:00Z
BATCH-0288,ROS387,MED-0288,Rosuvastatin 10mg (Rosuvas 10) (Formula 288),MFG-0074,2026-08-28,2028-02-18,18 Feb 2028,498,200,167,135.0,168.0,AVAILABLE,False,False,RACK-H-SHELF-3,pharmaflow-main,SYNTHETIC_OPERATIONAL_RECORD,2026-08-28T12:00:00Z
BATCH-0289,CIP388,MED-0289,Ciprofloxacin 500mg (Ciplox 500) (Formula 289),MFG-0075,2025-11-04,2027-06-24,24 Jun 2027,259,200,37,74.5,91.2,AVAILABLE,False,False,RACK-A-SHELF-4,pharmaflow-main,SYNTHETIC_OPERATIONAL_RECORD,2025-11-04T12:00:00Z
BATCH-0290,OFL389,MED-0290,Ofloxacin + Ornidazole (O2) (Formula 290),MFG-0076,2026-04-05,2028-03-06,06 Mar 2028,515,200,65,120.0,148.4,AVAILABLE,False,False,RACK-B-SHELF-5,pharmaflow-main,SYNTHETIC_OPERATIONAL_RECORD,2026-04-05T12:00:00Z
BATCH-0291,MON390,MED-0291,Montelukast + Levocetirizine (Montair-LC) (Formula 291),MFG-0077,2026-01-14,2027-03-04,04 Mar 2027,147,500,143,165.5,204.6,AVAILABLE,False,False,RACK-C-SHELF-1,pharmaflow-main,SYNTHETIC_OPERATIONAL_RECORD,2026-01-14T12:00:00Z
BATCH-0292,IBU391,MED-0292,Ibuprofen 400mg (Brufen 400) (Formula 292),MFG-0078,2026-06-22,2027-06-23,23 Jun 2027,258,200,90,38.0,47.8,AVAILABLE,False,False,RACK-D-SHELF-2,pharmaflow-main,SYNTHETIC_OPERATIONAL_RECORD,2026-06-22T12:00:00Z
BATCH-0293,ACE392,MED-0293,Aceclofenac + Paracetamol (Zerodol-P) (Formula 293),MFG-0079,2025-11-26,2027-09-02,02 Sep 2027,329,300,89,87.5,108.0,AVAILABLE,False,False,RACK-E-SHELF-3,pharmaflow-main,SYNTHETIC_OPERATIONAL_RECORD,2025-11-26T12:00:00Z
BATCH-0294,VIL393,MED-0294,Vildagliptin + Metformin (Galvus Met) (Formula 294),MFG-0080,2026-02-01,2027-02-24,24 Feb 2027,139,150,4,255.0,317.2,AVAILABLE,False,False,RACK-F-SHELF-4,pharmaflow-main,SYNTHETIC_OPERATIONAL_RECORD,2026-02-01T12:00:00Z
BATCH-0295,RAB394,MED-0295,Rabeprazole 20mg (Razo 20) (Formula 295),MFG-0081,2025-09-03,2027-03-31,31 Mar 2027,174,100,48,112.0,138.0,AVAILABLE,False,False,RACK-G-SHELF-5,pharmaflow-main,SYNTHETIC_OPERATIONAL_RECORD,2025-09-03T12:00:00Z
BATCH-0296,COU395,MED-0296,Cough Syrup (Ascoril-D) (Formula 296),MFG-0082,2026-02-20,2027-05-27,27 May 2027,231,100,30,90.5,113.2,AVAILABLE,False,False,RACK-H-SHELF-1,pharmaflow-main,SYNTHETIC_OPERATIONAL_RECORD,2026-02-20T12:00:00Z
BATCH-0297,ORA396,MED-0297,Oral Rehydration Salts (Electral ORS) (Formula 297),MFG-0083,2025-10-25,2027-06-16,16 Jun 2027,251,500,80,23.0,28.9,AVAILABLE,False,False,RACK-A-SHELF-2,pharmaflow-main,SYNTHETIC_OPERATIONAL_RECORD,2025-10-25T12:00:00Z
BATCH-0298,MUL397,MED-0298,Multivitamin + Zinc (Becadexamin) (Formula 298),MFG-0084,2025-11-30,2027-05-22,22 May 2027,226,100,27,49.5,61.6,QUARANTINED,False,True,RACK-B-SHELF-3,pharmaflow-main,SYNTHETIC_OPERATIONAL_RECORD,2025-11-30T12:00:00Z
BATCH-0299,THY398,MED-0299,Thyroxine Sodium 50mcg (Thyronorm 50) (Formula 299),MFG-0085,2025-02-04,2026-12-25,25 Dec 2026,78,500,136,135.0,167.8,AVAILABLE,False,False,RACK-C-SHELF-4,pharmaflow-main,SYNTHETIC_OPERATIONAL_RECORD,2025-02-04T12:00:00Z
BATCH-0300,CLO399,MED-0300,Clopidogrel 75mg (Clopilet 75) (Formula 300),MFG-0086,2025-07-27,2027-03-14,14 Mar 2027,157,250,62,142.5,178.0,AVAILABLE,False,False,RACK-D-SHELF-5,pharmaflow-main,SYNTHETIC_OPERATIONAL_RECORD,2025-07-27T12:00:00Z
BATCH-0301,PAR400,MED-0301,Paracetamol 500mg (Formula 301),MFG-0087,2027-01-30,2028-04-07,07 Apr 2028,547,250,229,40.0,49.2,AVAILABLE,False,False,RACK-E-SHELF-1,pharmaflow-main,SYNTHETIC_OPERATIONAL_RECORD,2027-01-30T12:00:00Z
BATCH-0302,PAR401,MED-0302,Paracetamol 650mg (Dolo 650) (Formula 302),MFG-0088,2027-04-11,2028-05-04,04 May 2028,574,300,59,32.0,38.0,AVAILABLE,False,False,RACK-F-SHELF-2,pharmaflow-main,SYNTHETIC_OPERATIONAL_RECORD,2027-04-11T12:00:00Z
BATCH-0303,VIT402,MED-0303,Vitamin D3 60K (Calcirol) (Formula 303),MFG-0089,2026-06-30,2028-03-16,16 Mar 2028,525,500,9,67.5,83.2,AVAILABLE,False,False,RACK-G-SHELF-3,pharmaflow-main,SYNTHETIC_OPERATIONAL_RECORD,2026-06-30T12:00:00Z
BATCH-0304,AMO403,MED-0304,Amoxicillin 500mg (Novamox) (Formula 304),MFG-0090,2025-05-19,2027-05-08,08 May 2027,212,300,192,100.0,121.4,AVAILABLE,False,False,RACK-H-SHELF-4,pharmaflow-main,SYNTHETIC_OPERATIONAL_RECORD,2025-05-19T12:00:00Z
BATCH-0305,AMO404,MED-0305,Amoxicillin + Clavulanic Acid 625mg (Augmentin) (Formula 305),MFG-0091,2026-01-25,2027-03-19,19 Mar 2027,162,250,62,172.5,214.6,AVAILABLE,False,False,RACK-A-SHELF-5,pharmaflow-main,SYNTHETIC_OPERATIONAL_RECORD,2026-01-25T12:00:00Z
BATCH-0306,CET405,MED-0306,Cetirizine 10mg (Cetzine) (Formula 306),MFG-0092,2026-01-18,2027-10-03,03 Oct 2027,360,250,123,45.0,54.8,AVAILABLE,False,False,RACK-B-SHELF-1,pharmaflow-main,SYNTHETIC_OPERATIONAL_RECORD,2026-01-18T12:00:00Z
BATCH-0307,LEV406,MED-0307,Levocetirizine 5mg (Levocet) (Formula 307),MFG-0093,2026-03-02,2027-07-20,20 Jul 2027,285,250,143,60.5,74.0,AVAILABLE,False,False,RACK-C-SHELF-2,pharmaflow-main,SYNTHETIC_OPERATIONAL_RECORD,2026-03-02T12:00:00Z
BATCH-0308,AZI407,MED-0308,Azithromycin 250mg (Azee 250) (Formula 308),MFG-0094,2026-01-17,2027-09-05,05 Sep 2027,332,500,412,135.0,164.2,AVAILABLE,False,False,RACK-D-SHELF-3,pharmaflow-main,SYNTHETIC_OPERATIONAL_RECORD,2026-01-17T12:00:00Z
BATCH-0309,AZI408,MED-0309,Azithromycin 500mg (Azithral 500) (Formula 309),MFG-0095,2025-08-30,2027-03-29,29 Mar 2027,172,300,18,175.0,215.0,QUARANTINED,False,True,RACK-E-SHELF-4,pharmaflow-main,SYNTHETIC_OPERATIONAL_RECORD,2025-08-30T12:00:00Z
BATCH-0310,MET409,MED-0310,Metformin 500mg (Glycomet 500) (Formula 310),MFG-0096,2025-09-16,2027-09-10,10 Sep 2027,337,300,120,47.5,58.2,AVAILABLE,False,False,RACK-F-SHELF-5,pharmaflow-main,SYNTHETIC_OPERATIONAL_RECORD,2025-09-16T12:00:00Z
BATCH-0311,MET410,MED-0311,Metformin 1000mg SR (Glucophage) (Formula 311),MFG-0097,2026-07-09,2028-05-27,27 May 2028,597,150,79,73.0,88.4,AVAILABLE,False,False,RACK-G-SHELF-1,pharmaflow-main,SYNTHETIC_OPERATIONAL_RECORD,2026-07-09T12:00:00Z
BATCH-0312,PAN411,MED-0312,Pantoprazole 40mg (Pan 40) (Formula 312),MFG-0098,2025-07-26,2027-06-10,10 Jun 2027,245,400,232,92.5,114.6,AVAILABLE,False,False,RACK-H-SHELF-2,pharmaflow-main,SYNTHETIC_OPERATIONAL_RECORD,2025-07-26T12:00:00Z
BATCH-0313,PAN412,MED-0313,Pantoprazole + Domperidone (Pan-D) (Formula 313),MFG-0099,2025-11-17,2027-10-27,27 Oct 2027,384,150,85,155.0,190.8,AVAILABLE,False,False,RACK-A-SHELF-3,pharmaflow-main,SYNTHETIC_OPERATIONAL_RECORD,2025-11-17T12:00:00Z
BATCH-0314,OME413,MED-0314,Omeprazole 20mg (Omez) (Formula 314),MFG-0100,2026-07-04,2028-04-06,06 Apr 2028,546,400,54,74.5,91.0,AVAILABLE,False,False,RACK-B-SHELF-4,pharmaflow-main,SYNTHETIC_OPERATIONAL_RECORD,2026-07-04T12:00:00Z
BATCH-0315,TEL414,MED-0315,Telmisartan 40mg (Telma 40) (Formula 315),MFG-0101,2025-10-06,2027-10-04,04 Oct 2027,361,100,35,113.0,141.2,AVAILABLE,False,False,RACK-C-SHELF-5,pharmaflow-main,SYNTHETIC_OPERATIONAL_RECORD,2025-10-06T12:00:00Z
BATCH-0316,TEL415,MED-0316,Telmisartan + Amlodipine (Telma-AM) (Formula 316),MFG-0102,2026-05-20,2028-03-13,13 Mar 2028,522,300,67,140.0,172.0,AVAILABLE,False,False,RACK-D-SHELF-1,pharmaflow-main,SYNTHETIC_OPERATIONAL_RECORD,2026-05-20T12:00:00Z
BATCH-0317,ATO416,MED-0317,Atorvastatin 10mg (Atorva 10) (Formula 317),MFG-0103,2026-12-13,2028-05-07,07 May 2028,577,500,264,112.5,141.2,AVAILABLE,False,False,RACK-E-SHELF-2,pharmaflow-main,SYNTHETIC_OPERATIONAL_RECORD,2026-12-13T12:00:00Z
BATCH-0318,ROS417,MED-0318,Rosuvastatin 10mg (Rosuvas 10) (Formula 318),MFG-0104,2025-02-27,2026-11-21,21 Nov 2026,44,100,77,140.0,174.4,AVAILABLE,False,False,RACK-F-SHELF-3,pharmaflow-main,SYNTHETIC_OPERATIONAL_RECORD,2025-02-27T12:00:00Z
BATCH-0319,CIP418,MED-0319,Ciprofloxacin 500mg (Ciplox 500) (Formula 319),MFG-0105,2026-09-20,2027-12-03,03 Dec 2027,421,100,73,79.5,97.6,AVAILABLE,False,False,RACK-G-SHELF-4,pharmaflow-main,SYNTHETIC_OPERATIONAL_RECORD,2026-09-20T12:00:00Z
BATCH-0320,OFL419,MED-0320,Ofloxacin + Ornidazole (O2) (Formula 320),MFG-0106,2026-01-15,2027-05-31,31 May 2027,235,500,78,125.0,154.8,QUARANTINED,False,True,RACK-H-SHELF-5,pharmaflow-main,SYNTHETIC_OPERATIONAL_RECORD,2026-01-15T12:00:00Z
BATCH-0321,MON420,MED-0321,Montelukast + Levocetirizine (Montair-LC) (Formula 321),MFG-0107,2025-11-26,2027-04-21,21 Apr 2027,195,400,252,170.5,211.0,AVAILABLE,False,False,RACK-A-SHELF-1,pharmaflow-main,SYNTHETIC_OPERATIONAL_RECORD,2025-11-26T12:00:00Z
BATCH-0322,IBU421,MED-0322,Ibuprofen 400mg (Brufen 400) (Formula 322),MFG-0108,2026-03-06,2027-04-06,06 Apr 2027,180,400,229,43.0,54.2,AVAILABLE,False,False,RACK-B-SHELF-2,pharmaflow-main,SYNTHETIC_OPERATIONAL_RECORD,2026-03-06T12:00:00Z
BATCH-0323,ACE422,MED-0323,Aceclofenac + Paracetamol (Zerodol-P) (Formula 323),MFG-0109,2025-08-31,2027-06-04,04 Jun 2027,239,100,35,75.0,92.0,AVAILABLE,False,False,RACK-C-SHELF-3,pharmaflow-main,SYNTHETIC_OPERATIONAL_RECORD,2025-08-31T12:00:00Z
BATCH-0324,VIL423,MED-0324,Vildagliptin + Metformin (Galvus Met) (Formula 324),MFG-0110,2026-12-24,2028-02-14,14 Feb 2028,494,300,166,242.5,301.2,AVAILABLE,False,False,RACK-D-SHELF-4,pharmaflow-main,SYNTHETIC_OPERATIONAL_RECORD,2026-12-24T12:00:00Z
BATCH-0325,RAB424,MED-0325,Rabeprazole 20mg (Razo 20) (Formula 325),MFG-0111,2026-08-12,2027-12-11,11 Dec 2027,429,300,133,117.0,144.4,AVAILABLE,False,False,RACK-E-SHELF-5,pharmaflow-main,SYNTHETIC_OPERATIONAL_RECORD,2026-08-12T12:00:00Z
BATCH-0326,COU425,MED-0326,Cough Syrup (Ascoril-D) (Formula 326),MFG-0112,2025-06-14,2026-12-26,26 Dec 2026,79,250,124,95.5,119.6,AVAILABLE,False,False,RACK-F-SHELF-1,pharmaflow-main,SYNTHETIC_OPERATIONAL_RECORD,2025-06-14T12:00:00Z
BATCH-0327,ORA426,MED-0327,Oral Rehydration Salts (Electral ORS) (Formula 327),MFG-0113,2025-12-16,2027-09-24,24 Sep 2027,351,100,79,28.0,35.3,AVAILABLE,False,False,RACK-G-SHELF-2,pharmaflow-main,SYNTHETIC_OPERATIONAL_RECORD,2025-12-16T12:00:00Z
BATCH-0328,MUL427,MED-0328,Multivitamin + Zinc (Becadexamin) (Formula 328),MFG-0114,2026-04-11,2027-07-23,23 Jul 2027,288,300,54,54.5,68.0,AVAILABLE,False,False,RACK-H-SHELF-3,pharmaflow-main,SYNTHETIC_OPERATIONAL_RECORD,2026-04-11T12:00:00Z
