customerId,name,phone,email,age,gender,address,allergies,preferredLanguage,communicationPreference,safetyAlertConsent,registeredDate,workspaceId,provenance
CUST-0001,Rahul Kumar,+91 98450 48123,rahul.kumar@example.com,27,Male,"#289, Whitefield, Bengaluru - 560020",Penicillin,English,SMS,True,2025-08-10T10:00:00Z,pharmaflow-main,SYNTHETIC_OPERATIONAL_RECORD
CUST-0002,Priya Sharma,+91 97312 90342,priya.sharma@example.com,66,Female,"#214, Malleshwaram, Bengaluru - 560076",NSAIDs,Hindi,WHATSAPP,True,2025-08-10T10:00:00Z,pharmaflow-main,SYNTHETIC_OPERATIONAL_RECORD
CUST-0003,Arun Kumar,+91 94480 77109,arun.kumar@example.com,37,Male,"#302, BTM Layout, Bengaluru - 560049",None,Telugu,SMS,True,2025-08-10T10:00:00Z,pharmaflow-main,SYNTHETIC_OPERATIONAL_RECORD
CUST-0004,Kavya S,+91 99001 22584,kavya.s@example.com,24,Female,"#391, Malleshwaram, Bengaluru - 560090",Penicillin,Tamil,SMS,True,2025-08-10T10:00:00Z,pharmaflow-main,SYNTHETIC_OPERATIONAL_RECORD
CUST-0005,Meena Devi,+91 96114 64190,meena.devi@example.com,23,Female,"#81, Malleshwaram, Bengaluru - 560032",None,Kannada,SMS,True,2025-08-10T10:00:00Z,pharmaflow-main,SYNTHETIC_OPERATIONAL_RECORD
CUST-0006,Deepak,+91 93845 99028,deepak@example.com,44,Male,"#231, JP Nagar, Bengaluru - 560047",None,Kannada,WHATSAPP,True,2025-08-10T10:00:00Z,pharmaflow-main,SYNTHETIC_OPERATIONAL_RECORD
CUST-0007,Manish,+91 90802 04902,manish@example.com,63,Male,"#145, JP Nagar, Bengaluru - 560019",Penicillin,Tamil,SMS,True,2025-08-10T10:00:00Z,pharmaflow-main,SYNTHETIC_OPERATIONAL_RECORD
CUST-0008,Deeps,+91 80988 51999,deeps@example.com,55,Male,"#339, Malleshwaram, Bengaluru - 560064",None,Telugu,SMS,True,2025-08-10T10:00:00Z,pharmaflow-main,SYNTHETIC_OPERATIONAL_RECORD
CUST-0009,Suresh Pillai,+91 9445652586,suresh.pillai@example.com,70,Male,"#73, Koramangala, Bengaluru - 560017",None,Tamil,SMS,True,2025-08-10T10:00:00Z,pharmaflow-main,SYNTHETIC_OPERATIONAL_RECORD
CUST-0010,Lakshmi Bhat,+91 9668942178,lakshmi.bhat@example.com,25,Female,"#240, Whitefield, Bengaluru - 560099",NSAIDs,Tamil,SMS,True,2025-08-10T10:00:00Z,pharmaflow-main,SYNTHETIC_OPERATIONAL_RECORD
CUST-0011,Vignesh Murthy,+91 7068755000,vignesh.murthy@example.com,23,Male,"#307, Indiranagar, Bengaluru - 560065",Aspirin,Telugu,WHATSAPP,True,2025-08-10T10:00:00Z,pharmaflow-main,SYNTHETIC_OPERATIONAL_RECORD
CUST-0012,Anitha Kumar,+91 9822257687,anitha.kumar@example.com,32,Female,"#346, Indiranagar, Bengaluru - 560096",Sulfa drugs,Telugu,SMS,True,2025-08-10T10:00:00Z,pharmaflow-main,SYNTHETIC_OPERATIONAL_RECORD
CUST-0013,Ramesh Iyer,+91 9473149551,ramesh.iyer@example.com,51,Male,"#334, JP Nagar, Bengaluru - 560045",None,Telugu,WHATSAPP,True,2025-08-10T10:00:00Z,pharmaflow-main,SYNTHETIC_OPERATIONAL_RECORD
CUST-0014,Sangeetha Reddy,+91 7022246348,sangeetha.reddy@example.com,48,Male,"#179, BTM Layout, Bengaluru - 560052",Aspirin,English,SMS,True,2025-08-10T10:00:00Z,pharmaflow-main,SYNTHETIC_OPERATIONAL_RECORD
CUST-0015,Vijay Gowda,+91 9065250068,vijay.gowda@example.com,62,Male,"#254, Whitefield, Bengaluru - 560094",NSAIDs,Telugu,SMS,True,2025-08-10T10:00:00Z,pharmaflow-main,SYNTHETIC_OPERATIONAL_RECORD
CUST-0016,Sandhya Desai,+91 7021819185,sandhya.desai@example.com,38,Female,"#130, HSR Layout, Bengaluru - 560024",NSAIDs,Telugu,SMS,True,2025-08-10T10:00:00Z,pharmaflow-main,SYNTHETIC_OPERATIONAL_RECORD
CUST-0017,Prashanth Shenoy,+91 7065465150,prashanth.shenoy@example.com,21,Male,"#97, HSR Layout, Bengaluru - 560089",Cephalosporins,Hindi,SMS,True,2025-08-10T10:00:00Z,pharmaflow-main,SYNTHETIC_OPERATIONAL_RECORD
CUST-0018,Swetha Krishnan,+91 9945843681,swetha.krishnan@example.com,53,Female,"#68, Whitefield, Bengaluru - 560066",Cephalosporins,English,SMS,True,2025-08-10T10:00:00Z,pharmaflow-main,SYNTHETIC_OPERATIONAL_RECORD
CUST-0019,Rajesh Sharma,+91 9931257157,rajesh.sharma@example.com,37,Male,"#283, Indiranagar, Bengaluru - 560080",NSAIDs,English,SMS,True,2025-08-10T10:00:00Z,pharmaflow-main,SYNTHETIC_OPERATIONAL_RECORD
CUST-0020,Nandini Rao,+91 9771934487,nandini.rao@example.com,78,Female,"#61, Jayanagar, Bengaluru - 560073",Sulfa drugs,Telugu,SMS,True,2025-08-10T10:00:00Z,pharmaflow-main,SYNTHETIC_OPERATIONAL_RECORD
CUST-0021,Rahul Menon,+91 9665766169,rahul.menon@example.com,71,Male,"#248, JP Nagar, Bengaluru - 560041",Cephalosporins,Telugu,SMS,True,2025-08-10T10:00:00Z,pharmaflow-main,SYNTHETIC_OPERATIONAL_RECORD
CUST-0022,Priya Verma,+91 8035583290,priya.verma@example.com,76,Female,"#307, Jayanagar, Bengaluru - 560018",Sulfa drugs,Hindi,WHATSAPP,True,2025-08-10T10:00:00Z,pharmaflow-main,SYNTHETIC_OPERATIONAL_RECORD
CUST-0023,Arun Hegde,+91 9610344303,arun.hegde@example.com,36,Male,"#372, Whitefield, Bengaluru - 560085",Cephalosporins,Kannada,WHATSAPP,True,2025-08-10T10:00:00Z,pharmaflow-main,SYNTHETIC_OPERATIONAL_RECORD
CUST-0024,Kavya Gupta,+91 7056321751,kavya.gupta@example.com,39,Female,"#283, BTM Layout, Bengaluru - 560068",Aspirin,Kannada,SMS,True,2025-08-10T10:00:00Z,pharmaflow-main,SYNTHETIC_OPERATIONAL_RECORD
CUST-0025,Meena Joshi,+91 9986745380,meena.joshi@example.com,42,Female,"#120, BTM Layout, Bengaluru - 560015",Aspirin,Hindi,SMS,True,2025-08-10T10:00:00Z,pharmaflow-main,SYNTHETIC_OPERATIONAL_RECORD
CUST-0026,Deepak Nair,+91 8061818612,deepak.nair@example.com,60,Male,"#334, Jayanagar, Bengaluru - 560073",None,Kannada,SMS,True,2025-08-10T10:00:00Z,pharmaflow-main,SYNTHETIC_OPERATIONAL_RECORD
CUST-0027,Manish Patel,+91 9023470708,manish.patel@example.com,73,Male,"#226, Koramangala, Bengaluru - 560077",Cephalosporins,English,SMS,True,2025-08-10T10:00:00Z,pharmaflow-main,SYNTHETIC_OPERATIONAL_RECORD
CUST-0028,Deeps Sundaram,+91 9465026398,deeps.sundaram@example.com,73,Male,"#336, Jayanagar, Bengaluru - 560019",Cephalosporins,Tamil,WHATSAPP,True,2025-08-10T10:00:00Z,pharmaflow-main,SYNTHETIC_OPERATIONAL_RECORD
CUST-0029,Suresh Pillai,+91 8097219599,suresh.pillai@example.com,23,Male,"#169, BTM Layout, Bengaluru - 560050",Cephalosporins,Telugu,SMS,True,2025-08-10T10:00:00Z,pharmaflow-main,SYNTHETIC_OPERATIONAL_RECORD
CUST-0030,Lakshmi Bhat,+91 9741510328,lakshmi.bhat@example.com,58,Female,"#351, Whitefield, Bengaluru - 560039",None,Hindi,SMS,True,2025-08-10T10:00:00Z,pharmaflow-main,SYNTHETIC_OPERATIONAL_RECORD
CUST-0031,Vignesh Murthy,+91 9769549527,vignesh.murthy@example.com,28,Male,"#356, Whitefield, Bengaluru - 560013",None,Tamil,SMS,True,2025-08-10T10:00:00Z,pharmaflow-main,SYNTHETIC_OPERATIONAL_RECORD
CUST-0032,Anitha Kumar,+91 9658112135,anitha.kumar@example.com,41,Female,"#221, Jayanagar, Bengaluru - 560041",NSAIDs,Telugu,SMS,True,2025-08-10T10:00:00Z,pharmaflow-main,SYNTHETIC_OPERATIONAL_RECORD
CUST-0033,Ramesh Iyer,+91 9432814819,ramesh.iyer@example.com,29,Male,"#41, BTM Layout, Bengaluru - 560089",Penicillin,Hindi,SMS,True,2025-08-10T10:00:00Z,pharmaflow-main,SYNTHETIC_OPERATIONAL_RECORD
CUST-0034,Sangeetha Reddy,+91 9441163805,sangeetha.reddy@example.com,47,Male,"#327, Whitefield, Bengaluru - 560068",Sulfa drugs,English,WHATSAPP,True,2025-08-10T10:00:00Z,pharmaflow-main,SYNTHETIC_OPERATIONAL_RECORD
CUST-0035,Vijay Gowda,+91 9683363160,vijay.gowda@example.com,28,Male,"#38, JP Nagar, Bengaluru - 560054",Sulfa drugs,Hindi,SMS,True,2025-08-10T10:00:00Z,pharmaflow-main,SYNTHETIC_OPERATIONAL_RECORD
CUST-0036,Sandhya Desai,+91 9671315464,sandhya.desai@example.com,72,Female,"#155, Malleshwaram, Bengaluru - 560059",Cephalosporins,English,SMS,True,2025-08-10T10:00:00Z,pharmaflow-main,SYNTHETIC_OPERATIONAL_RECORD
CUST-0037,Prashanth Shenoy,+91 8086762164,prashanth.shenoy@example.com,40,Male,"#295, Whitefield, Bengaluru - 560099",Sulfa drugs,English,SMS,True,2025-08-10T10:00:00Z,pharmaflow-main,SYNTHETIC_OPERATIONAL_RECORD
CUST-0038,Swetha Krishnan,+91 8046840133,swetha.krishnan@example.com,18,Female,"#290, Indiranagar, Bengaluru - 560087",Cephalosporins,Tamil,SMS,True,2025-08-10T10:00:00Z,pharmaflow-main,SYNTHETIC_OPERATIONAL_RECORD
CUST-0039,Rajesh Sharma,+91 9039394291,rajesh.sharma@example.com,58,Male,"#98, Whitefield, Bengaluru - 560096",None,English,SMS,True,2025-08-10T10:00:00Z,pharmaflow-main,SYNTHETIC_OPERATIONAL_RECORD
CUST-0040,Nandini Rao,+91 9851464269,nandini.rao@example.com,68,Female,"#226, Indiranagar, Bengaluru - 560084",Aspirin,Kannada,SMS,True,2025-08-10T10:00:00Z,pharmaflow-main,SYNTHETIC_OPERATIONAL_RECORD
CUST-0041,Rahul Menon,+91 9653851498,rahul.menon@example.com,65,Male,"#213, Jayanagar, Bengaluru - 560035",None,Telugu,WHATSAPP,True,2025-08-10T10:00:00Z,pharmaflow-main,SYNTHETIC_OPERATIONAL_RECORD
CUST-0042,Priya Verma,+91 9632084778,priya.verma@example.com,34,Female,"#247, Whitefield, Bengaluru - 560053",None,Hindi,SMS,True,2025-08-10T10:00:00Z,pharmaflow-main,SYNTHETIC_OPERATIONAL_RECORD
CUST-0043,Arun Hegde,+91 9440281491,arun.hegde@example.com,73,Male,"#347, BTM Layout, Bengaluru - 560081",Aspirin,English,WHATSAPP,True,2025-08-10T10:00:00Z,pharmaflow-main,SYNTHETIC_OPERATIONAL_RECORD
CUST-0044,Kavya Gupta,+91 9845495029,kavya.gupta@example.com,52,Female,"#64, JP Nagar, Bengaluru - 560057",Sulfa drugs,Telugu,WHATSAPP,True,2025-08-10T10:00:00Z,pharmaflow-main,SYNTHETIC_OPERATIONAL_RECORD
CUST-0045,Meena Joshi,+91 9024541967,meena.joshi@example.com,61,Female,"#120, JP Nagar, Bengaluru - 560013",Aspirin,Telugu,SMS,True,2025-08-10T10:00:00Z,pharmaflow-main,SYNTHETIC_OPERATIONAL_RECORD
CUST-0046,Deepak Nair,+91 9795282470,deepak.nair@example.com,70,Male,"#238, Whitefield, Bengaluru - 560093",NSAIDs,English,SMS,True,2025-08-10T10:00:00Z,pharmaflow-main,SYNTHETIC_OPERATIONAL_RECORD
CUST-0047,Manish Patel,+91 9814994527,manish.patel@example.com,37,Male,"#253, Koramangala, Bengaluru - 560022",Penicillin,Telugu,SMS,True,2025-08-10T10:00:00Z,pharmaflow-main,SYNTHETIC_OPERATIONAL_RECORD
CUST-0048,Deeps Sundaram,+91 8070887034,deeps.sundaram@example.com,41,Male,"#344, BTM Layout, Bengaluru - 560085",None,Hindi,SMS,True,2025-08-10T10:00:00Z,pharmaflow-main,SYNTHETIC_OPERATIONAL_RECORD
CUST-0049,Suresh Pillai,+91 9775679047,suresh.pillai@example.com,57,Male,"#209, Whitefield, Bengaluru - 560014",Aspirin,Kannada,WHATSAPP,True,2025-08-10T10:00:00Z,pharmaflow-main,SYNTHETIC_OPERATIONAL_RECORD
CUST-0050,Lakshmi Bhat,+91 7041690501,lakshmi.bhat@example.com,72,Female,"#186, Koramangala, Bengaluru - 560097",Aspirin,Telugu,SMS,True,2025-08-10T10:00:00Z,pharmaflow-main,SYNTHETIC_OPERATIONAL_RECORD
CUST-0051,Vignesh Murthy,+91 9018126895,vignesh.murthy@example.com,43,Male,"#142, Malleshwaram, Bengaluru - 560025",Cephalosporins,English,SMS,True,2025-08-10T10:00:00Z,pharmaflow-main,SYNTHETIC_OPERATIONAL_RECORD
CUST-0052,Anitha Kumar,+91 9996128115,anitha.kumar@example.com,58,Female,"#306, Indiranagar, Bengaluru - 560016",Aspirin,Kannada,SMS,True,2025-08-10T10:00:00Z,pharmaflow-main,SYNTHETIC_OPERATIONAL_RECORD
CUST-0053,Ramesh Iyer,+91 9919208698,ramesh.iyer@example.com,71,Male,"#392, Malleshwaram, Bengaluru - 560085",Penicillin,Kannada,WHATSAPP,True,2025-08-10T10:00:00Z,pharmaflow-main,SYNTHETIC_OPERATIONAL_RECORD
CUST-0054,Sangeetha Reddy,+91 9489991301,sangeetha.reddy@example.com,18,Male,"#142, Jayanagar, Bengaluru - 560026",Sulfa drugs,Kannada,SMS,True,2025-08-10T10:00:00Z,pharmaflow-main,SYNTHETIC_OPERATIONAL_RECORD
CUST-0055,Vijay Gowda,+91 9827690330,vijay.gowda@example.com,18,Male,"#184, Malleshwaram, Bengaluru - 560085",Aspirin,English,SMS,True,2025-08-10T10:00:00Z,pharmaflow-main,SYNTHETIC_OPERATIONAL_RECORD
CUST-0056,Sandhya Desai,+91 9617032877,sandhya.desai@example.com,26,Female,"#380, BTM Layout, Bengaluru - 560077",None,English,WHATSAPP,True,2025-08-10T10:00:00Z,pharmaflow-main,SYNTHETIC_OPERATIONAL_RECORD
CUST-0057,Prashanth Shenoy,+91 7058592048,prashanth.shenoy@example.com,50,Male,"#304, Koramangala, Bengaluru - 560067",Penicillin,Telugu,SMS,True,2025-08-10T10:00:00Z,pharmaflow-main,SYNTHETIC_OPERATIONAL_RECORD
CUST-0058,Swetha Krishnan,+91 9671477426,swetha.krishnan@example.com,59,Female,"#16, Indiranagar, Bengaluru - 560071",NSAIDs,Hindi,SMS,True,2025-08-10T10:00:00Z,pharmaflow-main,SYNTHETIC_OPERATIONAL_RECORD
CUST-0059,Rajesh Sharma,+91 9775802771,rajesh.sharma@example.com,63,Male,"#228, Koramangala, Bengaluru - 560020",Aspirin,Telugu,SMS,True,2025-08-10T10:00:00Z,pharmaflow-main,SYNTHETIC_OPERATIONAL_RECORD
CUST-0060,Nandini Rao,+91 9726937148,nandini.rao@example.com,35,Female,"#320, HSR Layout, Bengaluru - 560058",Sulfa drugs,Hindi,SMS,True,2025-08-10T10:00:00Z,pharmaflow-main,SYNTHETIC_OPERATIONAL_RECORD
CUST-0061,Rahul Menon,+91 8023311507,rahul.menon@example.com,68,Male,"#360, Koramangala, Bengaluru - 560093",Penicillin,Hindi,WHATSAPP,True,2025-08-10T10:00:00Z,pharmaflow-main,SYNTHETIC_OPERATIONAL_RECORD
CUST-0062,Priya Verma,+91 9965541117,priya.verma@example.com,39,Female,"#233, BTM Layout, Bengaluru - 560063",None,Tamil,WHATSAPP,True,2025-08-10T10:00:00Z,pharmaflow-main,SYNTHETIC_OPERATIONAL_RECORD
CUST-0063,Arun Hegde,+91 9099269266,arun.hegde@example.com,34,Male,"#192, Jayanagar, Bengaluru - 560097",Cephalosporins,English,SMS,True,2025-08-10T10:00:00Z,pharmaflow-main,SYNTHETIC_OPERATIONAL_RECORD
CUST-0064,Kavya Gupta,+91 9722513132,kavya.gupta@example.com,45,Female,"#50, HSR Layout, Bengaluru - 560026",None,Telugu,SMS,True,2025-08-10T10:00:00Z,pharmaflow-main,SYNTHETIC_OPERATIONAL_RECORD
CUST-0065,Meena Joshi,+91 9099927658,meena.joshi@example.com,25,Female,"#211, HSR Layout, Bengaluru - 560095",NSAIDs,English,WHATSAPP,True,2025-08-10T10:00:00Z,pharmaflow-main,SYNTHETIC_OPERATIONAL_RECORD
CUST-0066,Deepak Nair,+91 9657197152,deepak.nair@example.com,24,Male,"#296, Malleshwaram, Bengaluru - 560029",Cephalosporins,Kannada,SMS,True,2025-08-10T10:00:00Z,pharmaflow-main,SYNTHETIC_OPERATIONAL_RECORD
CUST-0067,Manish Patel,+91 9084660688,manish.patel@example.com,41,Male,"#59, Whitefield, Bengaluru - 560083",Penicillin,Hindi,SMS,True,2025-08-10T10:00:00Z,pharmaflow-main,SYNTHETIC_OPERATIONAL_RECORD
CUST-0068,Deeps Sundaram,+91 9891737913,deeps.sundaram@example.com,77,Male,"#337, Whitefield, Bengaluru - 560013",None,Tamil,SMS,True,2025-08-10T10:00:00Z,pharmaflow-main,SYNTHETIC_OPERATIONAL_RECORD
CUST-0069,Suresh Pillai,+91 9655610493,suresh.pillai@example.com,40,Male,"#4, Jayanagar, Bengaluru - 560028",NSAIDs,English,SMS,True,2025-08-10T10:00:00Z,pharmaflow-main,SYNTHETIC_OPERATIONAL_RECORD
CUST-0070,Lakshmi Bhat,+91 9822315507,lakshmi.bhat@example.com,65,Female,"#272, Malleshwaram, Bengaluru - 560058",NSAIDs,Hindi,WHATSAPP,True,2025-08-10T10:00:00Z,pharmaflow-main,SYNTHETIC_OPERATIONAL_RECORD
CUST-0071,Vignesh Murthy,+91 9459667685,vignesh.murthy@example.com,37,Male,"#370, HSR Layout, Bengaluru - 560082",None,English,SMS,True,2025-08-10T10:00:00Z,pharmaflow-main,SYNTHETIC_OPERATIONAL_RECORD
CUST-0072,Anitha Kumar,+91 9492924837,anitha.kumar@example.com,21,Female,"#346, Koramangala, Bengaluru - 560044",Cephalosporins,Hindi,WHATSAPP,True,2025-08-10T10:00:00Z,pharmaflow-main,SYNTHETIC_OPERATIONAL_RECORD
CUST-0073,Ramesh Iyer,+91 7065590800,ramesh.iyer@example.com,35,Male,"#111, Koramangala, Bengaluru - 560054",NSAIDs,English,WHATSAPP,True,2025-08-10T10:00:00Z,pharmaflow-main,SYNTHETIC_OPERATIONAL_RECORD
CUST-0074,Sangeetha Reddy,+91 7080723898,sangeetha.reddy@example.com,60,Male,"#158, Indiranagar, Bengaluru - 560038",NSAIDs,Telugu,SMS,True,2025-08-10T10:00:00Z,pharmaflow-main,SYNTHETIC_OPERATIONAL_RECORD
CUST-0075,Vijay Gowda,+91 9837437207,vijay.gowda@example.com,37,Male,"#109, Jayanagar, Bengaluru - 560042",Sulfa drugs,Tamil,SMS,True,2025-08-10T10:00:00Z,pharmaflow-main,SYNTHETIC_OPERATIONAL_RECORD
CUST-0076,Sandhya Desai,+91 9876757928,sandhya.desai@example.com,65,Female,"#221, Jayanagar, Bengaluru - 560026",NSAIDs,Telugu,SMS,True,2025-08-10T10:00:00Z,pharmaflow-main,SYNTHETIC_OPERATIONAL_RECORD
CUST-0077,Prashanth Shenoy,+91 9977144075,prashanth.shenoy@example.com,53,Male,"#343, HSR Layout, Bengaluru - 560019",NSAIDs,English,WHATSAPP,True,2025-08-10T10:00:00Z,pharmaflow-main,SYNTHETIC_OPERATIONAL_RECORD
CUST-0078,Swetha Krishnan,+91 9871707170,swetha.krishnan@example.com,76,Female,"#40, HSR Layout, Bengaluru - 560083",NSAIDs,Telugu,WHATSAPP,True,2025-08-10T10:00:00Z,pharmaflow-main,SYNTHETIC_OPERATIONAL_RECORD
CUST-0079,Rajesh Sharma,+91 8048858073,rajesh.sharma@example.com,25,Male,"#208, Indiranagar, Bengaluru - 560051",None,Telugu,WHATSAPP,True,2025-08-10T10:00:00Z,pharmaflow-main,SYNTHETIC_OPERATIONAL_RECORD
CUST-0080,Nandini Rao,+91 9021828592,nandini.rao@example.com,45,Female,"#55, Malleshwaram, Bengaluru - 560065",NSAIDs,Telugu,SMS,True,2025-08-10T10:00:00Z,pharmaflow-main,SYNTHETIC_OPERATIONAL_RECORD
CUST-0081,Rahul Menon,+91 8051644346,rahul.menon@example.com,65,Male,"#174, Malleshwaram, Bengaluru - 560052",None,English,SMS,True,2025-08-10T10:00:00Z,pharmaflow-main,SYNTHETIC_OPERATIONAL_RECORD
CUST-0082,Priya Verma,+91 9781216573,priya.verma@example.com,50,Female,"#100, HSR Layout, Bengaluru - 560054",None,Kannada,SMS,True,2025-08-10T10:00:00Z,pharmaflow-main,SYNTHETIC_OPERATIONAL_RECORD
CUST-0083,Arun Hegde,+91 9444355473,arun.hegde@example.com,30,Male,"#89, Jayanagar, Bengaluru - 560093",None,Kannada,SMS,True,2025-08-10T10:00:00Z,pharmaflow-main,SYNTHETIC_OPERATIONAL_RECORD
CUST-0084,Kavya Gupta,+91 7072270726,kavya.gupta@example.com,66,Female,"#289, JP Nagar, Bengaluru - 560097",Aspirin,Tamil,SMS,True,2025-08-10T10:00:00Z,pharmaflow-main,SYNTHETIC_OPERATIONAL_RECORD
CUST-0085,Meena Joshi,+91 7019165226,meena.joshi@example.com,48,Female,"#227, Whitefield, Bengaluru - 560045",None,Tamil,SMS,True,2025-08-10T10:00:00Z,pharmaflow-main,SYNTHETIC_OPERATIONAL_RECORD
CUST-0086,Deepak Nair,+91 9751662236,deepak.nair@example.com,47,Male,"#232, Indiranagar, Bengaluru - 560017",Aspirin,Tamil,SMS,True,2025-08-10T10:00:00Z,pharmaflow-main,SYNTHETIC_OPERATIONAL_RECORD
CUST-0087,Manish Patel,+91 9792545028,manish.patel@example.com,56,Male,"#260, BTM Layout, Bengaluru - 560069",None,Hindi,SMS,True,2025-08-10T10:00:00Z,pharmaflow-main,SYNTHETIC_OPERATIONAL_RECORD
CUST-0088,Deeps Sundaram,+91 9953154591,deeps.sundaram@example.com,56,Male,"#244, Jayanagar, Bengaluru - 560017",Cephalosporins,English,WHATSAPP,True,2025-08-10T10:00:00Z,pharmaflow-main,SYNTHETIC_OPERATIONAL_RECORD
CUST-0089,Suresh Pillai,+91 9777719420,suresh.pillai@example.com,59,Male,"#89, Indiranagar, Bengaluru - 560041",Cephalosporins,Hindi,SMS,True,2025-08-10T10:00:00Z,pharmaflow-main,SYNTHETIC_OPERATIONAL_RECORD
CUST-0090,Lakshmi Bhat,+91 9458841557,lakshmi.bhat@example.com,41,Female,"#145, BTM Layout, Bengaluru - 560062",Aspirin,Telugu,SMS,True,2025-08-10T10:00:00Z,pharmaflow-main,SYNTHETIC_OPERATIONAL_RECORD
CUST-0091,Vignesh Murthy,+91 9018846539,vignesh.murthy@example.com,39,Male,"#49, BTM Layout, Bengaluru - 560046",Sulfa drugs,Telugu,SMS,True,2025-08-10T10:00:00Z,pharmaflow-main,SYNTHETIC_OPERATIONAL_RECORD
CUST-0092,Anitha Kumar,+91 9020939011,anitha.kumar@example.com,55,Female,"#340, Jayanagar, Bengaluru - 560054",Sulfa drugs,Hindi,SMS,True,2025-08-10T10:00:00Z,pharmaflow-main,SYNTHETIC_OPERATIONAL_RECORD
CUST-0093,Ramesh Iyer,+91 9751551377,ramesh.iyer@example.com,53,Male,"#193, HSR Layout, Bengaluru - 560026",None,Hindi,SMS,True,2025-08-10T10:00:00Z,pharmaflow-main,SYNTHETIC_OPERATIONAL_RECORD
CUST-0094,Sangeetha Reddy,+91 9012446861,sangeetha.reddy@example.com,41,Male,"#159, Jayanagar, Bengaluru - 560037",Aspirin,Hindi,SMS,True,2025-08-10T10:00:00Z,pharmaflow-main,SYNTHETIC_OPERATIONAL_RECORD
CUST-0095,Vijay Gowda,+91 9928463709,vijay.gowda@example.com,27,Male,"#40, Whitefield, Bengaluru - 560022",None,Tamil,SMS,True,2025-08-10T10:00:00Z,pharmaflow-main,SYNTHETIC_OPERATIONAL_RECORD
CUST-0096,Sandhya Desai,+91 9490161060,sandhya.desai@example.com,42,Female,"#79, Jayanagar, Bengaluru - 560033",None,Hindi,SMS,True,2025-08-10T10:00:00Z,pharmaflow-main,SYNTHETIC_OPERATIONAL_RECORD
CUST-0097,Prashanth Shenoy,+91 8058895439,prashanth.shenoy@example.com,61,Male,"#369, Malleshwaram, Bengaluru - 560066",Sulfa drugs,Hindi,SMS,True,2025-08-10T10:00:00Z,pharmaflow-main,SYNTHETIC_OPERATIONAL_RECORD
CUST-0098,Swetha Krishnan,+91 9951536077,swetha.krishnan@example.com,69,Female,"#241, Malleshwaram, Bengaluru - 560057",Cephalosporins,Hindi,WHATSAPP,True,2025-08-10T10:00:00Z,pharmaflow-main,SYNTHETIC_OPERATIONAL_RECORD
CUST-0099,Rajesh Sharma,+91 8077498993,rajesh.sharma@example.com,51,Male,"#215, Jayanagar, Bengaluru - 560035",None,Tamil,SMS,True,2025-08-10T10:00:00Z,pharmaflow-main,SYNTHETIC_OPERATIONAL_RECORD
CUST-0100,Nandini Rao,+91 7059823245,nandini.rao@example.com,53,Female,"#53, Koramangala, Bengaluru - 560046",None,Kannada,WHATSAPP,True,2025-08-10T10:00:00Z,pharmaflow-main,SYNTHETIC_OPERATIONAL_RECORD
CUST-0101,Rahul Menon,+91 7078901038,rahul.menon@example.com,27,Male,"#224, Koramangala, Bengaluru - 560038",Cephalosporins,Tamil,SMS,True,2025-08-10T10:00:00Z,pharmaflow-main,SYNTHETIC_OPERATIONAL_RECORD
CUST-0102,Priya Verma,+91 8017148018,priya.verma@example.com,43,Female,"#258, HSR Layout, Bengaluru - 560040",NSAIDs,English,WHATSAPP,True,2025-08-10T10:00:00Z,pharmaflow-main,SYNTHETIC_OPERATIONAL_RECORD
CUST-0103,Arun Hegde,+91 9913783268,arun.hegde@example.com,38,Male,"#51, HSR Layout, Bengaluru - 560028",None,English,WHATSAPP,True,2025-08-10T10:00:00Z,pharmaflow-main,SYNTHETIC_OPERATIONAL_RECORD
CUST-0104,Kavya Gupta,+91 7028628439,kavya.gupta@example.com,66,Female,"#362, JP Nagar, Bengaluru - 560067",None,English,SMS,True,2025-08-10T10:00:00Z,pharmaflow-main,SYNTHETIC_OPERATIONAL_RECORD
CUST-0105,Meena Joshi,+91 9638944689,meena.joshi@example.com,71,Female,"#77, BTM Layout, Bengaluru - 560024",Sulfa drugs,Kannada,WHATSAPP,True,2025-08-10T10:00:00Z,pharmaflow-main,SYNTHETIC_OPERATIONAL_RECORD
CUST-0106,Deepak Nair,+91 9716408822,deepak.nair@example.com,33,Male,"#215, JP Nagar, Bengaluru - 560018",None,Hindi,SMS,True,2025-08-10T10:00:00Z,pharmaflow-main,SYNTHETIC_OPERATIONAL_RECORD
CUST-0107,Manish Patel,+91 9894819556,manish.patel@example.com,50,Male,"#295, Malleshwaram, Bengaluru - 560028",Sulfa drugs,Hindi,SMS,True,2025-08-10T10:00:00Z,pharmaflow-main,SYNTHETIC_OPERATIONAL_RECORD
CUST-0108,Deeps Sundaram,+91 9042287985,deeps.sundaram@example.com,54,Male,"#214, Jayanagar, Bengaluru - 560095",None,Telugu,WHATSAPP,True,2025-08-10T10:00:00Z,pharmaflow-main,SYNTHETIC_OPERATIONAL_RECORD
CUST-0109,Suresh Pillai,+91 9780606503,suresh.pillai@example.com,52,Male,"#260, Indiranagar, Bengaluru - 560059",Cephalosporins,English,SMS,True,2025-08-10T10:00:00Z,pharmaflow-main,SYNTHETIC_OPERATIONAL_RECORD
CUST-0110,Lakshmi Bhat,+91 8060103798,lakshmi.bhat@example.com,34,Female,"#383, Indiranagar, Bengaluru - 560055",None,Tamil,SMS,True,2025-08-10T10:00:00Z,pharmaflow-main,SYNTHETIC_OPERATIONAL_RECORD
CUST-0111,Vignesh Murthy,+91 9788101741,vignesh.murthy@example.com,65,Male,"#388, HSR Layout, Bengaluru - 560027",None,Tamil,SMS,True,2025-08-10T10:00:00Z,pharmaflow-main,SYNTHETIC_OPERATIONAL_RECORD
CUST-0112,Anitha Kumar,+91 9096274567,anitha.kumar@example.com,29,Female,"#399, JP Nagar, Bengaluru - 560099",Cephalosporins,Kannada,SMS,True,2025-08-10T10:00:00Z,pharmaflow-main,SYNTHETIC_OPERATIONAL_RECORD
CUST-0113,Ramesh Iyer,+91 9771428713,ramesh.iyer@example.com,20,Male,"#151, Malleshwaram, Bengaluru - 560015",Penicillin,English,WHATSAPP,True,2025-08-10T10:00:00Z,pharmaflow-main,SYNTHETIC_OPERATIONAL_RECORD
CUST-0114,Sangeetha Reddy,+91 9679173614,sangeetha.reddy@example.com,43,Male,"#279, JP Nagar, Bengaluru - 560042",None,Kannada,WHATSAPP,True,2025-08-10T10:00:00Z,pharmaflow-main,SYNTHETIC_OPERATIONAL_RECORD
CUST-0115,Vijay Gowda,+91 9016416148,vijay.gowda@example.com,73,Male,"#336, HSR Layout, Bengaluru - 560044",None,Tamil,WHATSAPP,True,2025-08-10T10:00:00Z,pharmaflow-main,SYNTHETIC_OPERATIONAL_RECORD
CUST-0116,Sandhya Desai,+91 8069020451,sandhya.desai@example.com,75,Female,"#198, HSR Layout, Bengaluru - 560033",Cephalosporins,Hindi,WHATSAPP,True,2025-08-10T10:00:00Z,pharmaflow-main,SYNTHETIC_OPERATIONAL_RECORD
CUST-0117,Prashanth Shenoy,+91 9621087928,prashanth.shenoy@example.com,64,Male,"#218, Koramangala, Bengaluru - 560065",None,Telugu,WHATSAPP,True,2025-08-10T10:00:00Z,pharmaflow-main,SYNTHETIC_OPERATIONAL_RECORD
CUST-0118,Swetha Krishnan,+91 9023770458,swetha.krishnan@example.com,23,Female,"#168, Whitefield, Bengaluru - 560049",Cephalosporins,Telugu,SMS,True,2025-08-10T10:00:00Z,pharmaflow-main,SYNTHETIC_OPERATIONAL_RECORD
CUST-0119,Rajesh Sharma,+91 8032366682,rajesh.sharma@example.com,62,Male,"#228, HSR Layout, Bengaluru - 560067",None,Tamil,SMS,True,2025-08-10T10:00:00Z,pharmaflow-main,SYNTHETIC_OPERATIONAL_RECORD
CUST-0120,Nandini Rao,+91 8046850196,nandini.rao@example.com,58,Female,"#30, Koramangala, Bengaluru - 560095",NSAIDs,Tamil,SMS,True,2025-08-10T10:00:00Z,pharmaflow-main,SYNTHETIC_OPERATIONAL_RECORD
CUST-0121,Rahul Menon,+91 9414179623,rahul.menon@example.com,27,Male,"#312, JP Nagar, Bengaluru - 560014",None,English,SMS,True,2025-08-10T10:00:00Z,pharmaflow-main,SYNTHETIC_OPERATIONAL_RECORD
CUST-0122,Priya Verma,+91 9058607028,priya.verma@example.com,42,Female,"#291, Indiranagar, Bengaluru - 560087",None,Hindi,WHATSAPP,True,2025-08-10T10:00:00Z,pharmaflow-main,SYNTHETIC_OPERATIONAL_RECORD
CUST-0123,Arun Hegde,+91 9069584522,arun.hegde@example.com,66,Male,"#40, Jayanagar, Bengaluru - 560077",Aspirin,Hindi,WHATSAPP,True,2025-08-10T10:00:00Z,pharmaflow-main,SYNTHETIC_OPERATIONAL_RECORD
CUST-0124,Kavya Gupta,+91 9643502308,kavya.gupta@example.com,25,Female,"#14, Jayanagar, Bengaluru - 560073",NSAIDs,Telugu,SMS,True,2025-08-10T10:00:00Z,pharmaflow-main,SYNTHETIC_OPERATIONAL_RECORD
CUST-0125,Meena Joshi,+91 9644935501,meena.joshi@example.com,63,Female,"#229, Malleshwaram, Bengaluru - 560088",Sulfa drugs,Hindi,SMS,True,2025-08-10T10:00:00Z,pharmaflow-main,SYNTHETIC_OPERATIONAL_RECORD
CUST-0126,Deepak Nair,+91 9728217159,deepak.nair@example.com,72,Male,"#38, JP Nagar, Bengaluru - 560032",Cephalosporins,English,SMS,True,2025-08-10T10:00:00Z,pharmaflow-main,SYNTHETIC_OPERATIONAL_RECORD
CUST-0127,Manish Patel,+91 9099635939,manish.patel@example.com,40,Male,"#364, Koramangala, Bengaluru - 560080",Sulfa drugs,Tamil,SMS,True,2025-08-10T10:00:00Z,pharmaflow-main,SYNTHETIC_OPERATIONAL_RECORD
CUST-0128,Deeps Sundaram,+91 9458518659,deeps.sundaram@example.com,50,Male,"#115, Koramangala, Bengaluru - 560035",None,Kannada,WHATSAPP,True,2025-08-10T10:00:00Z,pharmaflow-main,SYNTHETIC_OPERATIONAL_RECORD
CUST-0129,Suresh Pillai,+91 9858438711,suresh.pillai@example.com,53,Male,"#294, HSR Layout, Bengaluru - 560069",None,Telugu,SMS,True,2025-08-10T10:00:00Z,pharmaflow-main,SYNTHETIC_OPERATIONAL_RECORD
CUST-0130,Lakshmi Bhat,+91 9751512297,lakshmi.bhat@example.com,43,Female,"#368, JP Nagar, Bengaluru - 560077",NSAIDs,Hindi,SMS,True,2025-08-10T10:00:00Z,pharmaflow-main,SYNTHETIC_OPERATIONAL_RECORD
CUST-0131,Vignesh Murthy,+91 9726821075,vignesh.murthy@example.com,38,Male,"#329, Koramangala, Bengaluru - 560067",Cephalosporins,Telugu,WHATSAPP,True,2025-08-10T10:00:00Z,pharmaflow-main,SYNTHETIC_OPERATIONAL_RECORD
CUST-0132,Anitha Kumar,+91 9483994695,anitha.kumar@example.com,58,Female,"#301, Jayanagar, Bengaluru - 560026",NSAIDs,Telugu,SMS,True,2025-08-10T10:00:00Z,pharmaflow-main,SYNTHETIC_OPERATIONAL_RECORD
CUST-0133,Ramesh Iyer,+91 9779538491,ramesh.iyer@example.com,27,Male,"#156, Jayanagar, Bengaluru - 560030",Aspirin,Kannada,WHATSAPP,True,2025-08-10T10:00:00Z,pharmaflow-main,SYNTHETIC_OPERATIONAL_RECORD
CUST-0134,Sangeetha Reddy,+91 9620584397,sangeetha.reddy@example.com,34,Male,"#101, Whitefield, Bengaluru - 560026",Sulfa drugs,Telugu,SMS,True,2025-08-10T10:00:00Z,pharmaflow-main,SYNTHETIC_OPERATIONAL_RECORD
CUST-0135,Vijay Gowda,+91 9777454225,vijay.gowda@example.com,59,Male,"#87, Jayanagar, Bengaluru - 560031",Aspirin,Telugu,SMS,True,2025-08-10T10:00:00Z,pharmaflow-main,SYNTHETIC_OPERATIONAL_RECORD
CUST-0136,Sandhya Desai,+91 9820901547,sandhya.desai@example.com,20,Female,"#329, Whitefield, Bengaluru - 560093",Penicillin,Telugu,WHATSAPP,True,2025-08-10T10:00:00Z,pharmaflow-main,SYNTHETIC_OPERATIONAL_RECORD
CUST-0137,Prashanth Shenoy,+91 9876845536,prashanth.shenoy@example.com,74,Male,"#322, Whitefield, Bengaluru - 560092",Sulfa drugs,Hindi,SMS,True,2025-08-10T10:00:00Z,pharmaflow-main,SYNTHETIC_OPERATIONAL_RECORD
CUST-0138,Swetha Krishnan,+91 8049920898,swetha.krishnan@example.com,47,Female,"#38, Indiranagar, Bengaluru - 560030",Cephalosporins,Hindi,WHATSAPP,True,2025-08-10T10:00:00Z,pharmaflow-main,SYNTHETIC_OPERATIONAL_RECORD
CUST-0139,Rajesh Sharma,+91 7037383505,rajesh.sharma@example.com,39,Male,"#311, Jayanagar, Bengaluru - 560050",Aspirin,Tamil,WHATSAPP,True,2025-08-10T10:00:00Z,pharmaflow-main,SYNTHETIC_OPERATIONAL_RECORD
CUST-0140,Nandini Rao,+91 9459733063,nandini.rao@example.com,50,Female,"#288, Koramangala, Bengaluru - 560050",Penicillin,Hindi,SMS,True,2025-08-10T10:00:00Z,pharmaflow-main,SYNTHETIC_OPERATIONAL_RECORD
CUST-0141,Rahul Menon,+91 9670343755,rahul.menon@example.com,33,Male,"#73, Koramangala, Bengaluru - 560016",Sulfa drugs,Hindi,SMS,True,2025-08-10T10:00:00Z,pharmaflow-main,SYNTHETIC_OPERATIONAL_RECORD
CUST-0142,Priya Verma,+91 8043322272,priya.verma@example.com,73,Female,"#82, HSR Layout, Bengaluru - 560083",Aspirin,Kannada,SMS,True,2025-08-10T10:00:00Z,pharmaflow-main,SYNTHETIC_OPERATIONAL_RECORD
CUST-0143,Arun Hegde,+91 7079085198,arun.hegde@example.com,47,Male,"#256, Whitefield, Bengaluru - 560073",None,English,WHATSAPP,True,2025-08-10T10:00:00Z,pharmaflow-main,SYNTHETIC_OPERATIONAL_RECORD
CUST-0144,Kavya Gupta,+91 7042310051,kavya.gupta@example.com,31,Female,"#299, HSR Layout, Bengaluru - 560016",None,Tamil,WHATSAPP,True,2025-08-10T10:00:00Z,pharmaflow-main,SYNTHETIC_OPERATIONAL_RECORD
CUST-0145,Meena Joshi,+91 7048352498,meena.joshi@example.com,52,Female,"#5, Koramangala, Bengaluru - 560065",None,Tamil,SMS,True,2025-08-10T10:00:00Z,pharmaflow-main,SYNTHETIC_OPERATIONAL_RECORD
CUST-0146,Deepak Nair,+91 9064123845,deepak.nair@example.com,41,Male,"#24, BTM Layout, Bengaluru - 560016",Penicillin,Tamil,SMS,True,2025-08-10T10:00:00Z,pharmaflow-main,SYNTHETIC_OPERATIONAL_RECORD
CUST-0147,Manish Patel,+91 9619869264,manish.patel@example.com,42,Male,"#259, JP Nagar, Bengaluru - 560080",Sulfa drugs,Telugu,SMS,True,2025-08-10T10:00:00Z,pharmaflow-main,SYNTHETIC_OPERATIONAL_RECORD
CUST-0148,Deeps Sundaram,+91 9727268907,deeps.sundaram@example.com,24,Male,"#202, HSR Layout, Bengaluru - 560053",Aspirin,Kannada,SMS,True,2025-08-10T10:00:00Z,pharmaflow-main,SYNTHETIC_OPERATIONAL_RECORD
CUST-0149,Suresh Pillai,+91 8077119320,suresh.pillai@example.com,20,Male,"#24, Indiranagar, Bengaluru - 560027",Aspirin,Hindi,SMS,True,2025-08-10T10:00:00Z,pharmaflow-main,SYNTHETIC_OPERATIONAL_RECORD
CUST-0150,Lakshmi Bhat,+91 7029990477,lakshmi.bhat@example.com,56,Female,"#264, Jayanagar, Bengaluru - 560051",Aspirin,Kannada,WHATSAPP,True,2025-08-10T10:00:00Z,pharmaflow-main,SYNTHETIC_OPERATIONAL_RECORD
