invoiceId,invoiceNumber,supplierId,supplierName,invoiceDate,paymentDueDate,subtotal,taxTotal,grandTotal,paymentStatus,paymentMode,itemCount,workspaceId,provenance
INV-SUPP-0001,GST-INV-202600,SUPP-001,MediSource Distributors Pvt. Ltd.,2026-09-10,2026-10-10,48200.0,5784.0,53984.0,PAID,NEFT_BANK_TRANSFER,4,pharmaflow-main,SYNTHETIC_OPERATIONAL_RECORD
INV-SUPP-0002,GST-INV-202601,SUPP-002,ABC Pharma Wholesale Syndicate,2026-07-09,2026-08-08,73725.0,8847.0,82572.0,PAID,NEFT_BANK_TRANSFER,4,pharmaflow-main,SYNTHETIC_OPERATIONAL_RECORD
INV-SUPP-0003,GST-INV-202602,SUPP-003,HealthCare Labs Logistics,2026-06-07,2026-07-07,131050.0,15726.0,146776.0,PAID,NEFT_BANK_TRANSFER,4,pharmaflow-main,SYNTHETIC_OPERATIONAL_RECORD
INV-SUPP-0004,GST-INV-202603,SUPP-004,Nova Pharma Distribution Network,2026-08-17,2026-09-16,29825.0,3579.0,33404.0,PENDING_NET30,NEFT_BANK_TRANSFER,4,pharmaflow-main,SYNTHETIC_OPERATIONAL_RECORD
INV-SUPP-0005,GST-INV-202604,SUPP-005,Southern Apollo Regional Depot,2026-07-26,2026-08-25,48000.0,5760.0,53760.0,PAID,NEFT_BANK_TRANSFER,4,pharmaflow-main,SYNTHETIC_OPERATIONAL_RECORD
INV-SUPP-0006,GST-INV-202605,SUPP-006,MedPlus Central Warehouse,2026-09-04,2026-10-04,54575.0,6549.0,61124.0,PAID,NEFT_BANK_TRANSFER,4,pharmaflow-main,SYNTHETIC_OPERATIONAL_RECORD
INV-SUPP-0007,GST-INV-202606,SUPP-007,Karnataka State Pharma Hub,2026-06-19,2026-07-19,54000.0,6480.0,60480.0,PENDING_NET30,NEFT_BANK_TRANSFER,4,pharmaflow-main,SYNTHETIC_OPERATIONAL_RECORD
INV-SUPP-0008,GST-INV-202607,SUPP-008,Apex Medical Agencies,2026-08-20,2026-09-19,46450.0,5574.0,52024.0,PAID,NEFT_BANK_TRANSFER,4,pharmaflow-main,SYNTHETIC_OPERATIONAL_RECORD
INV-SUPP-0009,GST-INV-202608,SUPP-009,Sri Balaji Pharmaceuticals,2026-07-18,2026-08-17,85100.0,10212.0,95312.0,PAID,NEFT_BANK_TRANSFER,4,pharmaflow-main,SYNTHETIC_OPERATIONAL_RECORD
INV-SUPP-0010,GST-INV-202609,SUPP-010,Vardhman Healthcare Wholesale,2026-09-21,2026-10-21,61925.0,7431.0,69356.0,PAID,NEFT_BANK_TRANSFER,4,pharmaflow-main,SYNTHETIC_OPERATIONAL_RECORD
INV-SUPP-0011,GST-INV-202610,SUPP-011,Zenith Pharma Logistics,2026-05-13,2026-06-12,54400.0,6528.0,60928.0,PENDING_NET30,NEFT_BANK_TRANSFER,4,pharmaflow-main,SYNTHETIC_OPERATIONAL_RECORD
INV-SUPP-0012,GST-INV-202611,SUPP-012,City Pharma Distributors,2026-05-13,2026-06-12,100850.0,12102.0,112952.0,PENDING_NET30,NEFT_BANK_TRANSFER,4,pharmaflow-main,SYNTHETIC_OPERATIONAL_RECORD
INV-SUPP-0013,GST-INV-202612,SUPP-013,Pioneer Drug House,2026-04-19,2026-05-19,68250.0,8190.0,76440.0,PAID,NEFT_BANK_TRANSFER,4,pharmaflow-main,SYNTHETIC_OPERATIONAL_RECORD
INV-SUPP-0014,GST-INV-202613,SUPP-014,Sai Pharma Agencies,2026-07-02,2026-08-01,100175.0,12021.0,112196.0,PAID,NEFT_BANK_TRANSFER,4,pharmaflow-main,SYNTHETIC_OPERATIONAL_RECORD
INV-SUPP-0015,GST-INV-202614,SUPP-015,Premier Medical Supplies,2026-07-12,2026-08-11,37950.0,4554.0,42504.0,PAID,NEFT_BANK_TRANSFER,4,pharmaflow-main,SYNTHETIC_OPERATIONAL_RECORD
INV-SUPP-0016,GST-INV-202615,SUPP-016,Universal Drug Distributors,2026-09-26,2026-10-26,83925.0,10071.0,93996.0,PAID,NEFT_BANK_TRANSFER,4,pharmaflow-main,SYNTHETIC_OPERATIONAL_RECORD
INV-SUPP-0017,GST-INV-202616,SUPP-017,Reliance Pharma Hub,2026-05-31,2026-06-30,77125.0,9255.0,86380.0,PAID,NEFT_BANK_TRANSFER,4,pharmaflow-main,SYNTHETIC_OPERATIONAL_RECORD
INV-SUPP-0018,GST-INV-202617,SUPP-018,Metro Health Suppliers,2026-09-26,2026-10-26,90275.0,10833.0,101108.0,PAID,NEFT_BANK_TRANSFER,4,pharmaflow-main,SYNTHETIC_OPERATIONAL_RECORD
INV-SUPP-0019,GST-INV-202618,SUPP-019,Kaveri Pharma Distributors,2026-05-11,2026-06-10,89300.0,10716.0,100016.0,PAID,NEFT_BANK_TRANSFER,4,pharmaflow-main,SYNTHETIC_OPERATIONAL_RECORD
INV-SUPP-0020,GST-INV-202619,SUPP-020,Sterling Drug House,2026-06-19,2026-07-19,60500.0,7260.0,67760.0,PAID,NEFT_BANK_TRANSFER,4,pharmaflow-main,SYNTHETIC_OPERATIONAL_RECORD
INV-SUPP-0021,GST-INV-202620,SUPP-021,Royal Pharma Syndicate,2026-07-23,2026-08-22,69700.0,8364.0,78064.0,PENDING_NET30,NEFT_BANK_TRANSFER,4,pharmaflow-main,SYNTHETIC_OPERATIONAL_RECORD
INV-SUPP-0022,GST-INV-202621,SUPP-022,National Healthcare Logistics,2026-07-21,2026-08-20,77075.0,9249.0,86324.0,PAID,NEFT_BANK_TRANSFER,4,pharmaflow-main,SYNTHETIC_OPERATIONAL_RECORD
INV-SUPP-0023,GST-INV-202622,SUPP-023,Om Sai Drug Distributors,2026-09-11,2026-10-11,31925.0,3831.0,35756.0,PENDING_NET30,NEFT_BANK_TRANSFER,4,pharmaflow-main,SYNTHETIC_OPERATIONAL_RECORD
INV-SUPP-0024,GST-INV-202623,SUPP-024,Shree Ganesh Pharma Agency,2026-06-04,2026-07-04,114625.0,13755.0,128380.0,PAID,NEFT_BANK_TRANSFER,4,pharmaflow-main,SYNTHETIC_OPERATIONAL_RECORD
INV-SUPP-0025,GST-INV-202624,SUPP-025,Tamil Nadu Medical Depot,2026-08-11,2026-09-10,26600.0,3192.0,29792.0,PENDING_NET30,NEFT_BANK_TRANSFER,4,pharmaflow-main,SYNTHETIC_OPERATIONAL_RECORD
INV-SUPP-0026,GST-INV-202625,SUPP-026,Bangalore Pharma Distribution,2026-09-23,2026-10-23,52175.0,6261.0,58436.0,PAID,NEFT_BANK_TRANSFER,4,pharmaflow-main,SYNTHETIC_OPERATIONAL_RECORD
INV-SUPP-0027,GST-INV-202626,SUPP-027,Hyderabad Drug Syndicate,2026-06-08,2026-07-08,19825.0,2379.0,22204.0,PAID,NEFT_BANK_TRANSFER,4,pharmaflow-main,SYNTHETIC_OPERATIONAL_RECORD
INV-SUPP-0028,GST-INV-202627,SUPP-028,Western Pharma Logistics,2026-05-25,2026-06-24,91350.0,10962.0,102312.0,PAID,NEFT_BANK_TRANSFER,4,pharmaflow-main,SYNTHETIC_OPERATIONAL_RECORD
INV-SUPP-0029,GST-INV-202628,SUPP-029,Eastern Drug Supply Co.,2026-06-25,2026-07-25,31725.0,3807.0,35532.0,PAID,NEFT_BANK_TRANSFER,4,pharmaflow-main,SYNTHETIC_OPERATIONAL_RECORD
INV-SUPP-0030,GST-INV-202629,SUPP-030,Northern Health Wholesalers,2026-09-14,2026-10-14,81725.0,9807.0,91532.0,PAID,NEFT_BANK_TRANSFER,4,pharmaflow-main,SYNTHETIC_OPERATIONAL_RECORD
INV-SUPP-0031,GST-INV-202630,SUPP-031,Central Medical Distributors,2026-08-13,2026-09-12,45300.0,5436.0,50736.0,PAID,NEFT_BANK_TRANSFER,4,pharmaflow-main,SYNTHETIC_OPERATIONAL_RECORD
INV-SUPP-0032,GST-INV-202631,SUPP-032,Global Pharma Trade House,2026-07-27,2026-08-26,62500.0,7500.0,70000.0,PAID,NEFT_BANK_TRANSFER,4,pharmaflow-main,SYNTHETIC_OPERATIONAL_RECORD
INV-SUPP-0033,GST-INV-202632,SUPP-033,Matrix Healthcare Supply,2026-06-03,2026-07-03,48300.0,5796.0,54096.0,PAID,NEFT_BANK_TRANSFER,4,pharmaflow-main,SYNTHETIC_OPERATIONAL_RECORD
INV-SUPP-0034,GST-INV-202633,SUPP-034,Jupiter Drug Agencies,2026-07-11,2026-08-10,59375.0,7125.0,66500.0,PENDING_NET30,NEFT_BANK_TRANSFER,4,pharmaflow-main,SYNTHETIC_OPERATIONAL_RECORD
INV-SUPP-0035,GST-INV-202634,SUPP-035,CarePoint Distribution Ltd.,2026-08-28,2026-09-27,68825.0,8259.0,77084.0,PAID,NEFT_BANK_TRANSFER,4,pharmaflow-main,SYNTHETIC_OPERATIONAL_RECORD
INV-SUPP-0036,GST-INV-202635,SUPP-001,MediSource Distributors Pvt. Ltd.,2026-09-15,2026-10-15,56350.0,6762.0,63112.0,PAID,NEFT_BANK_TRANSFER,4,pharmaflow-main,SYNTHETIC_OPERATIONAL_RECORD
INV-SUPP-0037,GST-INV-202636,SUPP-002,ABC Pharma Wholesale Syndicate,2026-09-25,2026-10-25,45675.0,5481.0,51156.0,PAID,NEFT_BANK_TRANSFER,4,pharmaflow-main,SYNTHETIC_OPERATIONAL_RECORD
INV-SUPP-0038,GST-INV-202637,SUPP-003,HealthCare Labs Logistics,2026-07-28,2026-08-27,64125.0,7695.0,71820.0,PENDING_NET30,NEFT_BANK_TRANSFER,4,pharmaflow-main,SYNTHETIC_OPERATIONAL_RECORD
INV-SUPP-0039,GST-INV-202638,SUPP-004,Nova Pharma Distribution Network,2026-04-29,2026-05-29,38750.0,4650.0,43400.0,PAID,NEFT_BANK_TRANSFER,4,pharmaflow-main,SYNTHETIC_OPERATIONAL_RECORD
INV-SUPP-0040,GST-INV-202639,SUPP-005,Southern Apollo Regional Depot,2026-05-24,2026-06-23,67050.0,8046.0,75096.0,PAID,NEFT_BANK_TRANSFER,4,pharmaflow-main,SYNTHETIC_OPERATIONAL_RECORD
INV-SUPP-0041,GST-INV-202640,SUPP-006,MedPlus Central Warehouse,2026-06-29,2026-07-29,46450.0,5574.0,52024.0,PAID,NEFT_BANK_TRANSFER,4,pharmaflow-main,SYNTHETIC_OPERATIONAL_RECORD
INV-SUPP-0042,GST-INV-202641,SUPP-007,Karnataka State Pharma Hub,2026-07-31,2026-08-30,123825.0,14859.0,138684.0,PENDING_NET30,NEFT_BANK_TRANSFER,4,pharmaflow-main,SYNTHETIC_OPERATIONAL_RECORD
INV-SUPP-0043,GST-INV-202642,SUPP-008,Apex Medical Agencies,2026-08-10,2026-09-09,33325.0,3999.0,37324.0,PAID,NEFT_BANK_TRANSFER,4,pharmaflow-main,SYNTHETIC_OPERATIONAL_RECORD
INV-SUPP-0044,GST-INV-202643,SUPP-009,Sri Balaji Pharmaceuticals,2026-09-18,2026-10-18,95675.0,11481.0,107156.0,PENDING_NET30,NEFT_BANK_TRANSFER,4,pharmaflow-main,SYNTHETIC_OPERATIONAL_RECORD
INV-SUPP-0045,GST-INV-202644,SUPP-010,Vardhman Healthcare Wholesale,2026-05-26,2026-06-25,65700.0,7884.0,73584.0,PAID,NEFT_BANK_TRANSFER,4,pharmaflow-main,SYNTHETIC_OPERATIONAL_RECORD
INV-SUPP-0046,GST-INV-202645,SUPP-011,Zenith Pharma Logistics,2026-07-08,2026-08-07,124750.0,14970.0,139720.0,PAID,NEFT_BANK_TRANSFER,4,pharmaflow-main,SYNTHETIC_OPERATIONAL_RECORD
INV-SUPP-0047,GST-INV-202646,SUPP-012,City Pharma Distributors,2026-09-11,2026-10-11,70125.0,8415.0,78540.0,PAID,NEFT_BANK_TRANSFER,4,pharmaflow-main,SYNTHETIC_OPERATIONAL_RECORD
INV-SUPP-0048,GST-INV-202647,SUPP-013,Pioneer Drug House,2026-05-13,2026-06-12,63625.0,7635.0,71260.0,PAID,NEFT_BANK_TRANSFER,4,pharmaflow-main,SYNTHETIC_OPERATIONAL_RECORD
INV-SUPP-0049,GST-INV-202648,SUPP-014,Sai Pharma Agencies,2026-08-12,2026-09-11,87875.0,10545.0,98420.0,PAID,NEFT_BANK_TRANSFER,4,pharmaflow-main,SYNTHETIC_OPERATIONAL_RECORD
INV-SUPP-0050,GST-INV-202649,SUPP-015,Premier Medical Supplies,2026-07-08,2026-08-07,61875.0,7425.0,69300.0,PENDING_NET30,NEFT_BANK_TRANSFER,4,pharmaflow-main,SYNTHETIC_OPERATIONAL_RECORD
INV-SUPP-0051,GST-INV-202650,SUPP-016,Universal Drug Distributors,2026-05-24,2026-06-23,79525.0,9543.0,89068.0,PAID,NEFT_BANK_TRANSFER,4,pharmaflow-main,SYNTHETIC_OPERATIONAL_RECORD
INV-SUPP-0052,GST-INV-202651,SUPP-017,Reliance Pharma Hub,2026-06-16,2026-07-16,75575.0,9069.0,84644.0,PENDING_NET30,NEFT_BANK_TRANSFER,4,pharmaflow-main,SYNTHETIC_OPERATIONAL_RECORD
INV-SUPP-0053,GST-INV-202652,SUPP-018,Metro Health Suppliers,2026-09-11,2026-10-11,40200.0,4824.0,45024.0,PAID,NEFT_BANK_TRANSFER,4,pharmaflow-main,SYNTHETIC_OPERATIONAL_RECORD
INV-SUPP-0054,GST-INV-202653,SUPP-019,Kaveri Pharma Distributors,2026-09-01,2026-10-01,34075.0,4089.0,38164.0,PENDING_NET30,NEFT_BANK_TRANSFER,4,pharmaflow-main,SYNTHETIC_OPERATIONAL_RECORD
INV-SUPP-0055,GST-INV-202654,SUPP-020,Sterling Drug House,2026-04-17,2026-05-17,103600.0,12432.0,116032.0,PENDING_NET30,NEFT_BANK_TRANSFER,4,pharmaflow-main,SYNTHETIC_OPERATIONAL_RECORD
INV-SUPP-0056,GST-INV-202655,SUPP-021,Royal Pharma Syndicate,2026-04-30,2026-05-30,72575.0,8709.0,81284.0,PENDING_NET30,NEFT_BANK_TRANSFER,4,pharmaflow-main,SYNTHETIC_OPERATIONAL_RECORD
INV-SUPP-0057,GST-INV-202656,SUPP-022,National Healthcare Logistics,2026-09-10,2026-10-10,30100.0,3612.0,33712.0,PAID,NEFT_BANK_TRANSFER,4,pharmaflow-main,SYNTHETIC_OPERATIONAL_RECORD
INV-SUPP-0058,GST-INV-202657,SUPP-023,Om Sai Drug Distributors,2026-04-18,2026-05-18,89775.0,10773.0,100548.0,PAID,NEFT_BANK_TRANSFER,4,pharmaflow-main,SYNTHETIC_OPERATIONAL_RECORD
INV-SUPP-0059,GST-INV-202658,SUPP-024,Shree Ganesh Pharma Agency,2026-09-14,2026-10-14,87225.0,10467.0,97692.0,PENDING_NET30,NEFT_BANK_TRANSFER,4,pharmaflow-main,SYNTHETIC_OPERATIONAL_RECORD
INV-SUPP-0060,GST-INV-202659,SUPP-025,Tamil Nadu Medical Depot,2026-09-10,2026-10-10,76475.0,9177.0,85652.0,PAID,NEFT_BANK_TRANSFER,4,pharmaflow-main,SYNTHETIC_OPERATIONAL_RECORD
INV-SUPP-0061,GST-INV-202660,SUPP-026,Bangalore Pharma Distribution,2026-09-03,2026-10-03,59250.0,7110.0,66360.0,PAID,NEFT_BANK_TRANSFER,4,pharmaflow-main,SYNTHETIC_OPERATIONAL_RECORD
INV-SUPP-0062,GST-INV-202661,SUPP-027,Hyderabad Drug Syndicate,2026-05-17,2026-06-16,71750.0,8610.0,80360.0,PENDING_NET30,NEFT_BANK_TRANSFER,4,pharmaflow-main,SYNTHETIC_OPERATIONAL_RECORD
INV-SUPP-0063,GST-INV-202662,SUPP-028,Western Pharma Logistics,2026-05-09,2026-06-08,74075.0,8889.0,82964.0,PENDING_NET30,NEFT_BANK_TRANSFER,4,pharmaflow-main,SYNTHETIC_OPERATIONAL_RECORD
INV-SUPP-0064,GST-INV-202663,SUPP-029,Eastern Drug Supply Co.,2026-06-03,2026-07-03,50425.0,6051.0,56476.0,PENDING_NET30,NEFT_BANK_TRANSFER,4,pharmaflow-main,SYNTHETIC_OPERATIONAL_RECORD
INV-SUPP-0065,GST-INV-202664,SUPP-030,Northern Health Wholesalers,2026-06-18,2026-07-18,83075.0,9969.0,93044.0,PENDING_NET30,NEFT_BANK_TRANSFER,4,pharmaflow-main,SYNTHETIC_OPERATIONAL_RECORD
INV-SUPP-0066,GST-INV-202665,SUPP-031,Central Medical Distributors,2026-06-07,2026-07-07,67575.0,8109.0,75684.0,PAID,NEFT_BANK_TRANSFER,4,pharmaflow-main,SYNTHETIC_OPERATIONAL_RECORD
INV-SUPP-0067,GST-INV-202666,SUPP-032,Global Pharma Trade House,2026-06-15,2026-07-15,103375.0,12405.0,115780.0,PENDING_NET30,NEFT_BANK_TRANSFER,4,pharmaflow-main,SYNTHETIC_OPERATIONAL_RECORD
INV-SUPP-0068,GST-INV-202667,SUPP-033,Matrix Healthcare Supply,2026-05-12,2026-06-11,59350.0,7122.0,66472.0,PAID,NEFT_BANK_TRANSFER,4,pharmaflow-main,SYNTHETIC_OPERATIONAL_RECORD
INV-SUPP-0069,GST-INV-202668,SUPP-034,Jupiter Drug Agencies,2026-06-05,2026-07-05,71100.0,8532.0,79632.0,PAID,NEFT_BANK_TRANSFER,4,pharmaflow-main,SYNTHETIC_OPERATIONAL_RECORD
INV-SUPP-0070,GST-INV-202669,SUPP-035,CarePoint Distribution Ltd.,2026-04-29,2026-05-29,48800.0,5856.0,54656.0,PAID,NEFT_BANK_TRANSFER,4,pharmaflow-main,SYNTHETIC_OPERATIONAL_RECORD
INV-SUPP-0071,GST-INV-202670,SUPP-001,MediSource Distributors Pvt. Ltd.,2026-07-14,2026-08-13,59200.0,7104.0,66304.0,PAID,NEFT_BANK_TRANSFER,3,pharmaflow-main,SYNTHETIC_OPERATIONAL_RECORD
INV-SUPP-0072,GST-INV-202671,SUPP-002,ABC Pharma Wholesale Syndicate,2026-07-20,2026-08-19,91650.0,10998.0,102648.0,PENDING_NET30,NEFT_BANK_TRANSFER,3,pharmaflow-main,SYNTHETIC_OPERATIONAL_RECORD
INV-SUPP-0073,GST-INV-202672,SUPP-003,HealthCare Labs Logistics,2026-05-05,2026-06-04,22225.0,2667.0,24892.0,PAID,NEFT_BANK_TRANSFER,3,pharmaflow-main,SYNTHETIC_OPERATIONAL_RECORD
INV-SUPP-0074,GST-INV-202673,SUPP-004,Nova Pharma Distribution Network,2026-06-29,2026-07-29,66500.0,7980.0,74480.0,PAID,NEFT_BANK_TRANSFER,3,pharmaflow-main,SYNTHETIC_OPERATIONAL_RECORD
INV-SUPP-0075,GST-INV-202674,SUPP-005,Southern Apollo Regional Depot,2026-05-02,2026-06-01,54625.0,6555.0,61180.0,PAID,NEFT_BANK_TRANSFER,3,pharmaflow-main,SYNTHETIC_OPERATIONAL_RECORD
INV-SUPP-0076,GST-INV-202675,SUPP-006,MedPlus Central Warehouse,2026-09-05,2026-10-05,94600.0,11352.0,105952.0,PAID,NEFT_BANK_TRANSFER,3,pharmaflow-main,SYNTHETIC_OPERATIONAL_RECORD
INV-SUPP-0077,GST-INV-202676,SUPP-007,Karnataka State Pharma Hub,2026-09-09,2026-10-09,63825.0,7659.0,71484.0,PAID,NEFT_BANK_TRANSFER,3,pharmaflow-main,SYNTHETIC_OPERATIONAL_RECORD
INV-SUPP-0078,GST-INV-202677,SUPP-008,Apex Medical Agencies,2026-05-04,2026-06-03,68750.0,8250.0,77000.0,PAID,NEFT_BANK_TRANSFER,3,pharmaflow-main,SYNTHETIC_OPERATIONAL_RECORD
INV-SUPP-0079,GST-INV-202678,SUPP-009,Sri Balaji Pharmaceuticals,2026-05-04,2026-06-03,42875.0,5145.0,48020.0,PAID,NEFT_BANK_TRANSFER,3,pharmaflow-main,SYNTHETIC_OPERATIONAL_RECORD
INV-SUPP-0080,GST-INV-202679,SUPP-010,Vardhman Healthcare Wholesale,2026-07-01,2026-07-31,46225.0,5547.0,51772.0,PAID,NEFT_BANK_TRANSFER,3,pharmaflow-main,SYNTHETIC_OPERATIONAL_RECORD
INV-SUPP-0081,GST-INV-202680,SUPP-011,Zenith Pharma Logistics,2026-04-14,2026-05-14,42550.0,5106.0,47656.0,PAID,NEFT_BANK_TRANSFER,3,pharmaflow-main,SYNTHETIC_OPERATIONAL_RECORD
INV-SUPP-0082,GST-INV-202681,SUPP-012,City Pharma Distributors,2026-07-12,2026-08-11,84975.0,10197.0,95172.0,PENDING_NET30,NEFT_BANK_TRANSFER,3,pharmaflow-main,SYNTHETIC_OPERATIONAL_RECORD
INV-SUPP-0083,GST-INV-202682,SUPP-013,Pioneer Drug House,2026-05-07,2026-06-06,34550.0,4146.0,38696.0,PENDING_NET30,NEFT_BANK_TRANSFER,3,pharmaflow-main,SYNTHETIC_OPERATIONAL_RECORD
INV-SUPP-0084,GST-INV-202683,SUPP-014,Sai Pharma Agencies,2026-08-03,2026-09-02,15950.0,1914.0,17864.0,PAID,NEFT_BANK_TRANSFER,3,pharmaflow-main,SYNTHETIC_OPERATIONAL_RECORD
INV-SUPP-0085,GST-INV-202684,SUPP-015,Premier Medical Supplies,2026-04-29,2026-05-29,68025.0,8163.0,76188.0,PAID,NEFT_BANK_TRANSFER,3,pharmaflow-main,SYNTHETIC_OPERATIONAL_RECORD
INV-SUPP-0086,GST-INV-202685,SUPP-016,Universal Drug Distributors,2026-06-10,2026-07-10,51725.0,6207.0,57932.0,PAID,NEFT_BANK_TRANSFER,3,pharmaflow-main,SYNTHETIC_OPERATIONAL_RECORD
INV-SUPP-0087,GST-INV-202686,SUPP-017,Reliance Pharma Hub,2026-07-04,2026-08-03,70475.0,8457.0,78932.0,PENDING_NET30,NEFT_BANK_TRANSFER,3,pharmaflow-main,SYNTHETIC_OPERATIONAL_RECORD
INV-SUPP-0088,GST-INV-202687,SUPP-018,Metro Health Suppliers,2026-09-16,2026-10-16,90125.0,10815.0,100940.0,PAID,NEFT_BANK_TRANSFER,3,pharmaflow-main,SYNTHETIC_OPERATIONAL_RECORD
INV-SUPP-0089,GST-INV-202688,SUPP-019,Kaveri Pharma Distributors,2026-06-18,2026-07-18,82700.0,9924.0,92624.0,PAID,NEFT_BANK_TRANSFER,3,pharmaflow-main,SYNTHETIC_OPERATIONAL_RECORD
INV-SUPP-0090,GST-INV-202689,SUPP-020,Sterling Drug House,2026-05-28,2026-06-27,51150.0,6138.0,57288.0,PAID,NEFT_BANK_TRANSFER,3,pharmaflow-main,SYNTHETIC_OPERATIONAL_RECORD
INV-SUPP-0091,GST-INV-202690,SUPP-021,Royal Pharma Syndicate,2026-04-15,2026-05-15,54900.0,6588.0,61488.0,PENDING_NET30,NEFT_BANK_TRANSFER,3,pharmaflow-main,SYNTHETIC_OPERATIONAL_RECORD
INV-SUPP-0092,GST-INV-202691,SUPP-022,National Healthcare Logistics,2026-05-17,2026-06-16,31825.0,3819.0,35644.0,PAID,NEFT_BANK_TRANSFER,3,pharmaflow-main,SYNTHETIC_OPERATIONAL_RECORD
INV-SUPP-0093,GST-INV-202692,SUPP-023,Om Sai Drug Distributors,2026-06-10,2026-07-10,43200.0,5184.0,48384.0,PAID,NEFT_BANK_TRANSFER,3,pharmaflow-main,SYNTHETIC_OPERATIONAL_RECORD
INV-SUPP-0094,GST-INV-202693,SUPP-024,Shree Ganesh Pharma Agency,2026-06-15,2026-07-15,25375.0,3045.0,28420.0,PAID,NEFT_BANK_TRANSFER,3,pharmaflow-main,SYNTHETIC_OPERATIONAL_RECORD
INV-SUPP-0095,GST-INV-202694,SUPP-025,Tamil Nadu Medical Depot,2026-07-08,2026-08-07,64200.0,7704.0,71904.0,PAID,NEFT_BANK_TRANSFER,3,pharmaflow-main,SYNTHETIC_OPERATIONAL_RECORD
INV-SUPP-0096,GST-INV-202695,SUPP-026,Bangalore Pharma Distribution,2026-08-16,2026-09-15,72275.0,8673.0,80948.0,PENDING_NET30,NEFT_BANK_TRANSFER,3,pharmaflow-main,SYNTHETIC_OPERATIONAL_RECORD
INV-SUPP-0097,GST-INV-202696,SUPP-027,Hyderabad Drug Syndicate,2026-08-22,2026-09-21,54950.0,6594.0,61544.0,PAID,NEFT_BANK_TRANSFER,3,pharmaflow-main,SYNTHETIC_OPERATIONAL_RECORD
INV-SUPP-0098,GST-INV-202697,SUPP-028,Western Pharma Logistics,2026-06-25,2026-07-25,27875.0,3345.0,31220.0,PENDING_NET30,NEFT_BANK_TRANSFER,3,pharmaflow-main,SYNTHETIC_OPERATIONAL_RECORD
INV-SUPP-0099,GST-INV-202698,SUPP-029,Eastern Drug Supply Co.,2026-09-15,2026-10-15,74550.0,8946.0,83496.0,PAID,NEFT_BANK_TRANSFER,3,pharmaflow-main,SYNTHETIC_OPERATIONAL_RECORD
INV-SUPP-0100,GST-INV-202699,SUPP-030,Northern Health Wholesalers,2026-09-25,2026-10-25,29325.0,3519.0,32844.0,PAID,NEFT_BANK_TRANSFER,3,pharmaflow-main,SYNTHETIC_OPERATIONAL_RECORD
INV-SUPP-0101,GST-INV-202700,SUPP-031,Central Medical Distributors,2026-05-31,2026-06-30,40875.0,4905.0,45780.0,PENDING_NET30,NEFT_BANK_TRANSFER,3,pharmaflow-main,SYNTHETIC_OPERATIONAL_RECORD
INV-SUPP-0102,GST-INV-202701,SUPP-032,Global Pharma Trade House,2026-05-14,2026-06-13,56050.0,6726.0,62776.0,PENDING_NET30,NEFT_BANK_TRANSFER,3,pharmaflow-main,SYNTHETIC_OPERATIONAL_RECORD
INV-SUPP-0103,GST-INV-202702,SUPP-033,Matrix Healthcare Supply,2026-07-24,2026-08-23,118600.0,14232.0,132832.0,PENDING_NET30,NEFT_BANK_TRANSFER,3,pharmaflow-main,SYNTHETIC_OPERATIONAL_RECORD
INV-SUPP-0104,GST-INV-202703,SUPP-034,Jupiter Drug Agencies,2026-08-23,2026-09-22,61000.0,7320.0,68320.0,PENDING_NET30,NEFT_BANK_TRANSFER,3,pharmaflow-main,SYNTHETIC_OPERATIONAL_RECORD
INV-SUPP-0105,GST-INV-202704,SUPP-035,CarePoint Distribution Ltd.,2026-05-17,2026-06-16,24525.0,2943.0,27468.0,PAID,NEFT_BANK_TRANSFER,3,pharmaflow-main,SYNTHETIC_OPERATIONAL_RECORD
INV-SUPP-0106,GST-INV-202705,SUPP-001,MediSource Distributors Pvt. Ltd.,2026-07-18,2026-08-17,95050.0,11406.0,106456.0,PAID,NEFT_BANK_TRANSFER,3,pharmaflow-main,SYNTHETIC_OPERATIONAL_RECORD
INV-SUPP-0107,GST-INV-202706,SUPP-002,ABC Pharma Wholesale Syndicate,2026-06-01,2026-07-01,24925.0,2991.0,27916.0,PENDING_NET30,NEFT_BANK_TRANSFER,3,pharmaflow-main,SYNTHETIC_OPERATIONAL_RECORD
INV-SUPP-0108,GST-INV-202707,SUPP-003,HealthCare Labs Logistics,2026-07-21,2026-08-20,12775.0,1533.0,14308.0,PAID,NEFT_BANK_TRANSFER,3,pharmaflow-main,SYNTHETIC_OPERATIONAL_RECORD
INV-SUPP-0109,GST-INV-202708,SUPP-004,Nova Pharma Distribution Network,2026-04-15,2026-05-15,52950.0,6354.0,59304.0,PENDING_NET30,NEFT_BANK_TRANSFER,3,pharmaflow-main,SYNTHETIC_OPERATIONAL_RECORD
INV-SUPP-0110,GST-INV-202709,SUPP-005,Southern Apollo Regional Depot,2026-09-03,2026-10-03,65400.0,7848.0,73248.0,PENDING_NET30,NEFT_BANK_TRANSFER,3,pharmaflow-main,SYNTHETIC_OPERATIONAL_RECORD
INV-SUPP-0111,GST-INV-202710,SUPP-006,MedPlus Central Warehouse,2026-09-06,2026-10-06,57250.0,6870.0,64120.0,PAID,NEFT_BANK_TRANSFER,3,pharmaflow-main,SYNTHETIC_OPERATIONAL_RECORD
INV-SUPP-0112,GST-INV-202711,SUPP-007,Karnataka State Pharma Hub,2026-05-08,2026-06-07,21525.0,2583.0,24108.0,PENDING_NET30,NEFT_BANK_TRANSFER,3,pharmaflow-main,SYNTHETIC_OPERATIONAL_RECORD
INV-SUPP-0113,GST-INV-202712,SUPP-008,Apex Medical Agencies,2026-07-12,2026-08-11,82600.0,9912.0,92512.0,PENDING_NET30,NEFT_BANK_TRANSFER,3,pharmaflow-main,SYNTHETIC_OPERATIONAL_RECORD
INV-SUPP-0114,GST-INV-202713,SUPP-009,Sri Balaji Pharmaceuticals,2026-08-19,2026-09-18,37625.0,4515.0,42140.0,PAID,NEFT_BANK_TRANSFER,3,pharmaflow-main,SYNTHETIC_OPERATIONAL_RECORD
INV-SUPP-0115,GST-INV-202714,SUPP-010,Vardhman Healthcare Wholesale,2026-04-21,2026-05-21,48200.0,5784.0,53984.0,PAID,NEFT_BANK_TRANSFER,3,pharmaflow-main,SYNTHETIC_OPERATIONAL_RECORD
INV-SUPP-0116,GST-INV-202715,SUPP-011,Zenith Pharma Logistics,2026-09-13,2026-10-13,73350.0,8802.0,82152.0,PENDING_NET30,NEFT_BANK_TRANSFER,3,pharmaflow-main,SYNTHETIC_OPERATIONAL_RECORD
INV-SUPP-0117,GST-INV-202716,SUPP-012,City Pharma Distributors,2026-07-19,2026-08-18,28600.0,3432.0,32032.0,PAID,NEFT_BANK_TRANSFER,3,pharmaflow-main,SYNTHETIC_OPERATIONAL_RECORD
INV-SUPP-0118,GST-INV-202717,SUPP-013,Pioneer Drug House,2026-04-13,2026-05-13,21225.0,2547.0,23772.0,PENDING_NET30,NEFT_BANK_TRANSFER,3,pharmaflow-main,SYNTHETIC_OPERATIONAL_RECORD
INV-SUPP-0119,GST-INV-202718,SUPP-014,Sai Pharma Agencies,2026-04-25,2026-05-25,30300.0,3636.0,33936.0,PENDING_NET30,NEFT_BANK_TRANSFER,3,pharmaflow-main,SYNTHETIC_OPERATIONAL_RECORD
INV-SUPP-0120,GST-INV-202719,SUPP-015,Premier Medical Supplies,2026-08-20,2026-09-19,60775.0,7293.0,68068.0,PAID,NEFT_BANK_TRANSFER,3,pharmaflow-main,SYNTHETIC_OPERATIONAL_RECORD
INV-SUPP-0121,GST-INV-202720,SUPP-016,Universal Drug Distributors,2026-06-06,2026-07-06,39250.0,4710.0,43960.0,PENDING_NET30,NEFT_BANK_TRANSFER,3,pharmaflow-main,SYNTHETIC_OPERATIONAL_RECORD
INV-SUPP-0122,GST-INV-202721,SUPP-017,Reliance Pharma Hub,2026-08-24,2026-09-23,64150.0,7698.0,71848.0,PAID,NEFT_BANK_TRANSFER,3,pharmaflow-main,SYNTHETIC_OPERATIONAL_RECORD
INV-SUPP-0123,GST-INV-202722,SUPP-018,Metro Health Suppliers,2026-07-11,2026-08-10,88550.0,10626.0,99176.0,PAID,NEFT_BANK_TRANSFER,3,pharmaflow-main,SYNTHETIC_OPERATIONAL_RECORD
INV-SUPP-0124,GST-INV-202723,SUPP-019,Kaveri Pharma Distributors,2026-04-14,2026-05-14,36725.0,4407.0,41132.0,PAID,NEFT_BANK_TRANSFER,3,pharmaflow-main,SYNTHETIC_OPERATIONAL_RECORD
INV-SUPP-0125,GST-INV-202724,SUPP-020,Sterling Drug House,2026-05-09,2026-06-08,43000.0,5160.0,48160.0,PAID,NEFT_BANK_TRANSFER,3,pharmaflow-main,SYNTHETIC_OPERATIONAL_RECORD
INV-SUPP-0126,GST-INV-202725,SUPP-021,Royal Pharma Syndicate,2026-08-22,2026-09-21,35675.0,4281.0,39956.0,PAID,NEFT_BANK_TRANSFER,3,pharmaflow-main,SYNTHETIC_OPERATIONAL_RECORD
INV-SUPP-0127,GST-INV-202726,SUPP-022,National Healthcare Logistics,2026-07-13,2026-08-12,72550.0,8706.0,81256.0,PAID,NEFT_BANK_TRANSFER,3,pharmaflow-main,SYNTHETIC_OPERATIONAL_RECORD
INV-SUPP-0128,GST-INV-202727,SUPP-023,Om Sai Drug Distributors,2026-09-01,2026-10-01,23675.0,2841.0,26516.0,PENDING_NET30,NEFT_BANK_TRANSFER,3,pharmaflow-main,SYNTHETIC_OPERATIONAL_RECORD
INV-SUPP-0129,GST-INV-202728,SUPP-024,Shree Ganesh Pharma Agency,2026-04-24,2026-05-24,73725.0,8847.0,82572.0,PENDING_NET30,NEFT_BANK_TRANSFER,3,pharmaflow-main,SYNTHETIC_OPERATIONAL_RECORD
INV-SUPP-0130,GST-INV-202729,SUPP-025,Tamil Nadu Medical Depot,2026-07-31,2026-08-30,76000.0,9120.0,85120.0,PENDING_NET30,NEFT_BANK_TRANSFER,3,pharmaflow-main,SYNTHETIC_OPERATIONAL_RECORD
INV-SUPP-0131,GST-INV-202730,SUPP-026,Bangalore Pharma Distribution,2026-09-22,2026-10-22,42875.0,5145.0,48020.0,PAID,NEFT_BANK_TRANSFER,3,pharmaflow-main,SYNTHETIC_OPERATIONAL_RECORD
INV-SUPP-0132,GST-INV-202731,SUPP-027,Hyderabad Drug Syndicate,2026-05-23,2026-06-22,51025.0,6123.0,57148.0,PAID,NEFT_BANK_TRANSFER,3,pharmaflow-main,SYNTHETIC_OPERATIONAL_RECORD
INV-SUPP-0133,GST-INV-202732,SUPP-028,Western Pharma Logistics,2026-06-21,2026-07-21,32050.0,3846.0,35896.0,PAID,NEFT_BANK_TRANSFER,3,pharmaflow-main,SYNTHETIC_OPERATIONAL_RECORD
INV-SUPP-0134,GST-INV-202733,SUPP-029,Eastern Drug Supply Co.,2026-08-10,2026-09-09,34450.0,4134.0,38584.0,PAID,NEFT_BANK_TRANSFER,3,pharmaflow-main,SYNTHETIC_OPERATIONAL_RECORD
INV-SUPP-0135,GST-INV-202734,SUPP-030,Northern Health Wholesalers,2026-07-21,2026-08-20,36750.0,4410.0,41160.0,PAID,NEFT_BANK_TRANSFER,3,pharmaflow-main,SYNTHETIC_OPERATIONAL_RECORD
INV-SUPP-0136,GST-INV-202735,SUPP-031,Central Medical Distributors,2026-09-12,2026-10-12,54300.0,6516.0,60816.0,PAID,NEFT_BANK_TRANSFER,3,pharmaflow-main,SYNTHETIC_OPERATIONAL_RECORD
INV-SUPP-0137,GST-INV-202736,SUPP-032,Global Pharma Trade House,2026-07-07,2026-08-06,81600.0,9792.0,91392.0,PAID,NEFT_BANK_TRANSFER,3,pharmaflow-main,SYNTHETIC_OPERATIONAL_RECORD
INV-SUPP-0138,GST-INV-202737,SUPP-033,Matrix Healthcare Supply,2026-09-18,2026-10-18,61025.0,7323.0,68348.0,PAID,NEFT_BANK_TRANSFER,3,pharmaflow-main,SYNTHETIC_OPERATIONAL_RECORD
INV-SUPP-0139,GST-INV-202738,SUPP-034,Jupiter Drug Agencies,2026-04-25,2026-05-25,90600.0,10872.0,101472.0,PENDING_NET30,NEFT_BANK_TRANSFER,3,pharmaflow-main,SYNTHETIC_OPERATIONAL_RECORD
INV-SUPP-0140,GST-INV-202739,SUPP-035,CarePoint Distribution Ltd.,2026-04-17,2026-05-17,62000.0,7440.0,69440.0,PAID,NEFT_BANK_TRANSFER,3,pharmaflow-main,SYNTHETIC_OPERATIONAL_RECORD
INV-SUPP-0141,GST-INV-202740,SUPP-001,MediSource Distributors Pvt. Ltd.,2026-06-04,2026-07-04,43325.0,5199.0,48524.0,PENDING_NET30,NEFT_BANK_TRANSFER,3,pharmaflow-main,SYNTHETIC_OPERATIONAL_RECORD
INV-SUPP-0142,GST-INV-202741,SUPP-002,ABC Pharma Wholesale Syndicate,2026-06-19,2026-07-19,28475.0,3417.0,31892.0,PENDING_NET30,NEFT_BANK_TRANSFER,3,pharmaflow-main,SYNTHETIC_OPERATIONAL_RECORD
INV-SUPP-0143,GST-INV-202742,SUPP-003,HealthCare Labs Logistics,2026-04-20,2026-05-20,15050.0,1806.0,16856.0,PAID,NEFT_BANK_TRANSFER,3,pharmaflow-main,SYNTHETIC_OPERATIONAL_RECORD
INV-SUPP-0144,GST-INV-202743,SUPP-004,Nova Pharma Distribution Network,2026-06-19,2026-07-19,41175.0,4941.0,46116.0,PAID,NEFT_BANK_TRANSFER,3,pharmaflow-main,SYNTHETIC_OPERATIONAL_RECORD
INV-SUPP-0145,GST-INV-202744,SUPP-005,Southern Apollo Regional Depot,2026-06-12,2026-07-12,29750.0,3570.0,33320.0,PENDING_NET30,NEFT_BANK_TRANSFER,3,pharmaflow-main,SYNTHETIC_OPERATIONAL_RECORD
INV-SUPP-0146,GST-INV-202745,SUPP-006,MedPlus Central Warehouse,2026-05-19,2026-06-18,40550.0,4866.0,45416.0,PAID,NEFT_BANK_TRANSFER,3,pharmaflow-main,SYNTHETIC_OPERATIONAL_RECORD
INV-SUPP-0147,GST-INV-202746,SUPP-007,Karnataka State Pharma Hub,2026-05-23,2026-06-22,73025.0,8763.0,81788.0,PENDING_NET30,NEFT_BANK_TRANSFER,3,pharmaflow-main,SYNTHETIC_OPERATIONAL_RECORD
INV-SUPP-0148,GST-INV-202747,SUPP-008,Apex Medical Agencies,2026-05-12,2026-06-11,25950.0,3114.0,29064.0,PAID,NEFT_BANK_TRANSFER,3,pharmaflow-main,SYNTHETIC_OPERATIONAL_RECORD
INV-SUPP-0149,GST-INV-202748,SUPP-009,Sri Balaji Pharmaceuticals,2026-06-05,2026-07-05,18650.0,2238.0,20888.0,PENDING_NET30,NEFT_BANK_TRANSFER,3,pharmaflow-main,SYNTHETIC_OPERATIONAL_RECORD
INV-SUPP-0150,GST-INV-202749,SUPP-010,Vardhman Healthcare Wholesale,2026-08-08,2026-09-07,15175.0,1821.0,16996.0,PAID,NEFT_BANK_TRANSFER,3,pharmaflow-main,SYNTHETIC_OPERATIONAL_RECORD
