manufacturerId,manufacturerName,shortName,headquarters,contactEmail,contactPhone,licenseNumber,workspaceId,provenance,createdAt
MFG-0001,Sun Pharmaceutical Industries Ltd.,Sun,"Industrial Area, Mumbai, Maharashtra",info@sun.co.in,+91 90 2824 1409,DL-MFG-2000-1000,pharmaflow-main,PUBLIC_REAL,2026-01-15T09:00:00Z
MFG-0002,Cipla Limited,Cipla,"Industrial Area, Ahmedabad, Gujarat",info@cipla.co.in,+91 93 5506 5012,DL-MFG-2001-1001,pharmaflow-main,PUBLIC_REAL,2026-01-15T09:00:00Z
MFG-0003,Dr. Reddy's Laboratories Ltd.,Dr.,"Industrial Area, Hyderabad, Telangana",info@dr.co.in,+91 77 3286 2679,DL-MFG-2002-1002,pharmaflow-main,PUBLIC_REAL,2026-01-15T09:00:00Z
MFG-0004,Torrent Pharmaceuticals Ltd.,Torrent,"Industrial Area, Bengaluru, Karnataka",info@torrent.co.in,+91 91 9935 2424,DL-MFG-2003-1003,pharmaflow-main,PUBLIC_REAL,2026-01-15T09:00:00Z
MFG-0005,Lupin Limited,Lupin,"Industrial Area, Chennai, Tamil Nadu",info@lupin.co.in,+91 88 7912 1520,DL-MFG-2004-1004,pharmaflow-main,PUBLIC_REAL,2026-01-15T09:00:00Z
MFG-0006,Alkem Laboratories Ltd.,Alkem,"Industrial Area, Baddi, Himachal Pradesh",info@alkem.co.in,+91 70 2535 4582,DL-MFG-2005-1005,pharmaflow-main,PUBLIC_REAL,2026-01-15T09:00:00Z
MFG-0007,Zydus Lifesciences Ltd.,Zydus,"Industrial Area, Sikkim",info@zydus.co.in,+91 77 9279 1434,DL-MFG-2006-1006,pharmaflow-main,PUBLIC_REAL,2026-01-15T09:00:00Z
MFG-0008,Mankind Pharma Ltd.,Mankind,"Industrial Area, Goa",info@mankind.co.in,+91 87 4257 9928,DL-MFG-2007-1007,pharmaflow-main,PUBLIC_REAL,2026-01-15T09:00:00Z
MFG-0009,Abbott Healthcare Pvt. Ltd.,Abbott,"Industrial Area, Pune, Maharashtra",info@abbott.co.in,+91 83 4611 8359,DL-MFG-2008-1008,pharmaflow-main,PUBLIC_REAL,2026-01-15T09:00:00Z
MFG-0010,GlaxoSmithKline Pharmaceuticals Ltd.,GlaxoSmithKline,"Industrial Area, Indore, Madhya Pradesh",info@glaxosmithkline.co.in,+91 88 5557 1106,DL-MFG-2009-1009,pharmaflow-main,PUBLIC_REAL,2026-01-15T09:00:00Z
MFG-0011,Sanofi India Limited,Sanofi,"Industrial Area, Mumbai, Maharashtra",info@sanofi.co.in,+91 94 3615 7924,DL-MFG-2010-1010,pharmaflow-main,PUBLIC_REAL,2026-01-15T09:00:00Z
MFG-0012,Glenmark Pharmaceuticals Ltd.,Glenmark,"Industrial Area, Ahmedabad, Gujarat",info@glenmark.co.in,+91 80 5552 3547,DL-MFG-2011-1011,pharmaflow-main,PUBLIC_REAL,2026-01-15T09:00:00Z
MFG-0013,Aristo Pharmaceuticals Pvt. Ltd.,Aristo,"Industrial Area, Hyderabad, Telangana",info@aristo.co.in,+91 76 6514 2674,DL-MFG-2012-1012,pharmaflow-main,PUBLIC_REAL,2026-01-15T09:00:00Z
MFG-0014,Intas Pharmaceuticals Ltd.,Intas,"Industrial Area, Bengaluru, Karnataka",info@intas.co.in,+91 72 7224 2584,DL-MFG-2013-1013,pharmaflow-main,PUBLIC_REAL,2026-01-15T09:00:00Z
MFG-0015,Micro Labs Limited,Micro,"Industrial Area, Chennai, Tamil Nadu",info@micro.co.in,+91 81 6635 5333,DL-MFG-2014-1014,pharmaflow-main,PUBLIC_REAL,2026-01-15T09:00:00Z
MFG-0016,Macleods Pharmaceuticals Ltd.,Macleods,"Industrial Area, Baddi, Himachal Pradesh",info@macleods.co.in,+91 95 1711 8527,DL-MFG-2015-1015,pharmaflow-main,PUBLIC_REAL,2026-01-15T09:00:00Z
MFG-0017,IPCA Laboratories Ltd.,IPCA,"Industrial Area, Sikkim",info@ipca.co.in,+91 87 3045 7201,DL-MFG-2016-1016,pharmaflow-main,PUBLIC_REAL,2026-01-15T09:00:00Z
MFG-0018,FDC Limited,FDC,"Industrial Area, Goa",info@fdc.co.in,+91 72 5803 6925,DL-MFG-2017-1017,pharmaflow-main,PUBLIC_REAL,2026-01-15T09:00:00Z
MFG-0019,Alembic Pharmaceuticals Ltd.,Alembic,"Industrial Area, Pune, Maharashtra",info@alembic.co.in,+91 88 4150 2139,DL-MFG-2018-1018,pharmaflow-main,PUBLIC_REAL,2026-01-15T09:00:00Z
MFG-0020,USV Private Limited,USV,"Industrial Area, Indore, Madhya Pradesh",info@usv.co.in,+91 71 4733 5741,DL-MFG-2019-1019,pharmaflow-main,PUBLIC_REAL,2026-01-15T09:00:00Z
MFG-0021,Biocon Limited,Biocon,"Industrial Area, Mumbai, Maharashtra",info@biocon.co.in,+91 72 4814 2654,DL-MFG-2020-1020,pharmaflow-main,PUBLIC_REAL,2026-01-15T09:00:00Z
MFG-0022,Hetero Healthcare Ltd.,Hetero,"Industrial Area, Ahmedabad, Gujarat",info@hetero.co.in,+91 82 5554 8428,DL-MFG-2021-1021,pharmaflow-main,PUBLIC_REAL,2026-01-15T09:00:00Z
MFG-0023,Ajanta Pharma Limited,Ajanta,"Industrial Area, Hyderabad, Telangana",info@ajanta.co.in,+91 90 6977 3664,DL-MFG-2022-1022,pharmaflow-main,PUBLIC_REAL,2026-01-15T09:00:00Z
MFG-0024,Corona Remedies Pvt. Ltd.,Corona,"Industrial Area, Bengaluru, Karnataka",info@corona.co.in,+91 81 6820 4432,DL-MFG-2023-1023,pharmaflow-main,PUBLIC_REAL,2026-01-15T09:00:00Z
MFG-0025,Eris Lifesciences Ltd.,Eris,"Industrial Area, Chennai, Tamil Nadu",info@eris.co.in,+91 91 5374 2169,DL-MFG-2024-1024,pharmaflow-main,PUBLIC_REAL,2026-01-15T09:00:00Z
MFG-0026,Blue Cross Laboratories Pvt. Ltd.,Blue,"Industrial Area, Baddi, Himachal Pradesh",info@blue.co.in,+91 89 3803 9751,DL-MFG-2000-1025,pharmaflow-main,PUBLIC_REAL,2026-01-15T09:00:00Z
MFG-0027,Wockhardt Limited,Wockhardt,"Industrial Area, Sikkim",info@wockhardt.co.in,+91 93 5010 3677,DL-MFG-2001-1026,pharmaflow-main,PUBLIC_REAL,2026-01-15T09:00:00Z
MFG-0028,Pfizer Limited,Pfizer,"Industrial Area, Goa",info@pfizer.co.in,+91 84 7216 5422,DL-MFG-2002-1027,pharmaflow-main,PUBLIC_REAL,2026-01-15T09:00:00Z
MFG-0029,Novartis India Limited,Novartis,"Industrial Area, Pune, Maharashtra",info@novartis.co.in,+91 99 4598 6313,DL-MFG-2003-1028,pharmaflow-main,PUBLIC_REAL,2026-01-15T09:00:00Z
MFG-0030,AstraZeneca Pharma India Ltd.,AstraZeneca,"Industrial Area, Indore, Madhya Pradesh",info@astrazeneca.co.in,+91 96 1916 4752,DL-MFG-2004-1029,pharmaflow-main,PUBLIC_REAL,2026-01-15T09:00:00Z
MFG-0031,Bayer Pharmaceuticals Pvt. Ltd.,Bayer,"Industrial Area, Mumbai, Maharashtra",info@bayer.co.in,+91 96 1525 6168,DL-MFG-2005-1030,pharmaflow-main,PUBLIC_REAL,2026-01-15T09:00:00Z
MFG-0032,Boehringer Ingelheim India,Boehringer,"Industrial Area, Ahmedabad, Gujarat",info@boehringer.co.in,+91 82 5386 2084,DL-MFG-2006-1031,pharmaflow-main,PUBLIC_REAL,2026-01-15T09:00:00Z
MFG-0033,Zuventus Healthcare Ltd.,Zuventus,"Industrial Area, Hyderabad, Telangana",info@zuventus.co.in,+91 76 6155 4483,DL-MFG-2007-1032,pharmaflow-main,PUBLIC_REAL,2026-01-15T09:00:00Z
MFG-0034,Apex Laboratories Pvt. Ltd.,Apex,"Industrial Area, Bengaluru, Karnataka",info@apex.co.in,+91 90 9179 7482,DL-MFG-2008-1033,pharmaflow-main,PUBLIC_REAL,2026-01-15T09:00:00Z
MFG-0035,Fourrts (India) Laboratories Pvt. Ltd.,Fourrts,"Industrial Area, Chennai, Tamil Nadu",info@fourrts.co.in,+91 98 8517 3340,DL-MFG-2009-1034,pharmaflow-main,PUBLIC_REAL,2026-01-15T09:00:00Z
MFG-0036,Medley Pharmaceuticals Ltd.,Medley,"Industrial Area, Baddi, Himachal Pradesh",info@medley.co.in,+91 78 3287 5040,DL-MFG-2010-1035,pharmaflow-main,PUBLIC_REAL,2026-01-15T09:00:00Z
MFG-0037,Franco-Indian Pharmaceuticals Pvt. Ltd.,Franco-Indian,"Industrial Area, Sikkim",info@franco-indian.co.in,+91 93 9830 5304,DL-MFG-2011-1036,pharmaflow-main,PUBLIC_REAL,2026-01-15T09:00:00Z
MFG-0038,Systopic Laboratories Pvt. Ltd.,Systopic,"Industrial Area, Goa",info@systopic.co.in,+91 93 8019 7543,DL-MFG-2012-1037,pharmaflow-main,PUBLIC_REAL,2026-01-15T09:00:00Z
MFG-0039,Wallace Pharmaceuticals Pvt. Ltd.,Wallace,"Industrial Area, Pune, Maharashtra",info@wallace.co.in,+91 81 4593 3266,DL-MFG-2013-1038,pharmaflow-main,PUBLIC_REAL,2026-01-15T09:00:00Z
MFG-0040,The Himalaya Drug Company,The,"Industrial Area, Indore, Madhya Pradesh",info@the.co.in,+91 86 9085 2489,DL-MFG-2014-1039,pharmaflow-main,PUBLIC_REAL,2026-01-15T09:00:00Z
MFG-0041,Dabur India Limited,Dabur,"Industrial Area, Mumbai, Maharashtra",info@dabur.co.in,+91 94 1771 2796,DL-MFG-2015-1040,pharmaflow-main,PUBLIC_REAL,2026-01-15T09:00:00Z
MFG-0042,Charak Pharma Pvt. Ltd.,Charak,"Industrial Area, Ahmedabad, Gujarat",info@charak.co.in,+91 74 3621 7916,DL-MFG-2016-1041,pharmaflow-main,PUBLIC_REAL,2026-01-15T09:00:00Z
MFG-0043,Juggat Pharma Ltd.,Juggat,"Industrial Area, Hyderabad, Telangana",info@juggat.co.in,+91 89 2040 7304,DL-MFG-2017-1042,pharmaflow-main,PUBLIC_REAL,2026-01-15T09:00:00Z
MFG-0044,Indoco Remedies Limited,Indoco,"Industrial Area, Bengaluru, Karnataka",info@indoco.co.in,+91 82 8668 9669,DL-MFG-2018-1043,pharmaflow-main,PUBLIC_REAL,2026-01-15T09:00:00Z
MFG-0045,Centaur Pharmaceuticals Pvt. Ltd.,Centaur,"Industrial Area, Chennai, Tamil Nadu",info@centaur.co.in,+91 78 1188 2876,DL-MFG-2019-1044,pharmaflow-main,PUBLIC_REAL,2026-01-15T09:00:00Z
MFG-0046,Bharat Biotech International Ltd.,Bharat,"Industrial Area, Baddi, Himachal Pradesh",info@bharat.co.in,+91 91 9797 5371,DL-MFG-2020-1045,pharmaflow-main,PUBLIC_REAL,2026-01-15T09:00:00Z
MFG-0047,Serum Institute of India Pvt. Ltd.,Serum,"Industrial Area, Sikkim",info@serum.co.in,+91 94 6573 2827,DL-MFG-2021-1046,pharmaflow-main,PUBLIC_REAL,2026-01-15T09:00:00Z
MFG-0048,Panacea Biotec Ltd.,Panacea,"Industrial Area, Goa",info@panacea.co.in,+91 79 8123 3591,DL-MFG-2022-1047,pharmaflow-main,PUBLIC_REAL,2026-01-15T09:00:00Z
MFG-0049,Biological E. Limited,Biological,"Industrial Area, Pune, Maharashtra",info@biological.co.in,+91 84 1053 5315,DL-MFG-2023-1048,pharmaflow-main,PUBLIC_REAL,2026-01-15T09:00:00Z
MFG-0050,Shantha Biotechnics Pvt. Ltd.,Shantha,"Industrial Area, Indore, Madhya Pradesh",info@shantha.co.in,+91 86 3927 9317,DL-MFG-2024-1049,pharmaflow-main,PUBLIC_REAL,2026-01-15T09:00:00Z
MFG-0051,PharmaCorp India Unit 51 Pvt. Ltd.,PharmaCorp-51,"Industrial Area, Mumbai, Maharashtra",info@pharmacorp-51.co.in,+91 99 2743 5889,DL-MFG-2000-1050,pharmaflow-main,SYNTHETIC_OPERATIONAL_RECORD,2026-01-15T09:00:00Z
MFG-0052,PharmaCorp India Unit 52 Pvt. Ltd.,PharmaCorp-52,"Industrial Area, Ahmedabad, Gujarat",info@pharmacorp-52.co.in,+91 96 9317 4258,DL-MFG-2001-1051,pharmaflow-main,SYNTHETIC_OPERATIONAL_RECORD,2026-01-15T09:00:00Z
MFG-0053,PharmaCorp India Unit 53 Pvt. Ltd.,PharmaCorp-53,"Industrial Area, Hyderabad, Telangana",info@pharmacorp-53.co.in,+91 74 7126 3646,DL-MFG-2002-1052,pharmaflow-main,SYNTHETIC_OPERATIONAL_RECORD,2026-01-15T09:00:00Z
MFG-0054,PharmaCorp India Unit 54 Pvt. Ltd.,PharmaCorp-54,"Industrial Area, Bengaluru, Karnataka",info@pharmacorp-54.co.in,+91 87 9689 1009,DL-MFG-2003-1053,pharmaflow-main,SYNTHETIC_OPERATIONAL_RECORD,2026-01-15T09:00:00Z
MFG-0055,PharmaCorp India Unit 55 Pvt. Ltd.,PharmaCorp-55,"Industrial Area, Chennai, Tamil Nadu",info@pharmacorp-55.co.in,+91 89 6310 9005,DL-MFG-2004-1054,pharmaflow-main,SYNTHETIC_OPERATIONAL_RECORD,2026-01-15T09:00:00Z
MFG-0056,PharmaCorp India Unit 56 Pvt. Ltd.,PharmaCorp-56,"Industrial Area, Baddi, Himachal Pradesh",info@pharmacorp-56.co.in,+91 70 2832 6947,DL-MFG-2005-1055,pharmaflow-main,SYNTHETIC_OPERATIONAL_RECORD,2026-01-15T09:00:00Z
MFG-0057,PharmaCorp India Unit 57 Pvt. Ltd.,PharmaCorp-57,"Industrial Area, Sikkim",info@pharmacorp-57.co.in,+91 98 6038 4923,DL-MFG-2006-1056,pharmaflow-main,SYNTHETIC_OPERATIONAL_RECORD,2026-01-15T09:00:00Z
MFG-0058,PharmaCorp India Unit 58 Pvt. Ltd.,PharmaCorp-58,"Industrial Area, Goa",info@pharmacorp-58.co.in,+91 71 4946 2290,DL-MFG-2007-1057,pharmaflow-main,SYNTHETIC_OPERATIONAL_RECORD,2026-01-15T09:00:00Z
MFG-0059,PharmaCorp India Unit 59 Pvt. Ltd.,PharmaCorp-59,"Industrial Area, Pune, Maharashtra",info@pharmacorp-59.co.in,+91 72 8962 2133,DL-MFG-2008-1058,pharmaflow-main,SYNTHETIC_OPERATIONAL_RECORD,2026-01-15T09:00:00Z
MFG-0060,PharmaCorp India Unit 60 Pvt. Ltd.,PharmaCorp-60,"Industrial Area, Indore, Madhya Pradesh",info@pharmacorp-60.co.in,+91 94 9727 3060,DL-MFG-2009-1059,pharmaflow-main,SYNTHETIC_OPERATIONAL_RECORD,2026-01-15T09:00:00Z
MFG-0061,PharmaCorp India Unit 61 Pvt. Ltd.,PharmaCorp-61,"Industrial Area, Mumbai, Maharashtra",info@pharmacorp-61.co.in,+91 74 8787 3705,DL-MFG-2010-1060,pharmaflow-main,SYNTHETIC_OPERATIONAL_RECORD,2026-01-15T09:00:00Z
MFG-0062,PharmaCorp India Unit 62 Pvt. Ltd.,PharmaCorp-62,"Industrial Area, Ahmedabad, Gujarat",info@pharmacorp-62.co.in,+91 78 9645 7932,DL-MFG-2011-1061,pharmaflow-main,SYNTHETIC_OPERATIONAL_RECORD,2026-01-15T09:00:00Z
MFG-0063,PharmaCorp India Unit 63 Pvt. Ltd.,PharmaCorp-63,"Industrial Area, Hyderabad, Telangana",info@pharmacorp-63.co.in,+91 76 9835 4295,DL-MFG-2012-1062,pharmaflow-main,SYNTHETIC_OPERATIONAL_RECORD,2026-01-15T09:00:00Z
MFG-0064,PharmaCorp India Unit 64 Pvt. Ltd.,PharmaCorp-64,"Industrial Area, Bengaluru, Karnataka",info@pharmacorp-64.co.in,+91 92 6107 7537,DL-MFG-2013-1063,pharmaflow-main,SYNTHETIC_OPERATIONAL_RECORD,2026-01-15T09:00:00Z
MFG-0065,PharmaCorp India Unit 65 Pvt. Ltd.,PharmaCorp-65,"Industrial Area, Chennai, Tamil Nadu",info@pharmacorp-65.co.in,+91 91 7118 8177,DL-MFG-2014-1064,pharmaflow-main,SYNTHETIC_OPERATIONAL_RECORD,2026-01-15T09:00:00Z
MFG-0066,PharmaCorp India Unit 66 Pvt. Ltd.,PharmaCorp-66,"Industrial Area, Baddi, Himachal Pradesh",info@pharmacorp-66.co.in,+91 98 9479 8397,DL-MFG-2015-1065,pharmaflow-main,SYNTHETIC_OPERATIONAL_RECORD,2026-01-15T09:00:00Z
MFG-0067,PharmaCorp India Unit 67 Pvt. Ltd.,PharmaCorp-67,"Industrial Area, Sikkim",info@pharmacorp-67.co.in,+91 73 5061 4681,DL-MFG-2016-1066,pharmaflow-main,SYNTHETIC_OPERATIONAL_RECORD,2026-01-15T09:00:00Z
MFG-0068,PharmaCorp India Unit 68 Pvt. Ltd.,PharmaCorp-68,"Industrial Area, Goa",info@pharmacorp-68.co.in,+91 72 6539 1344,DL-MFG-2017-1067,pharmaflow-main,SYNTHETIC_OPERATIONAL_RECORD,2026-01-15T09:00:00Z
MFG-0069,PharmaCorp India Unit 69 Pvt. Ltd.,PharmaCorp-69,"Industrial Area, Pune, Maharashtra",info@pharmacorp-69.co.in,+91 88 4770 4608,DL-MFG-2018-1068,pharmaflow-main,SYNTHETIC_OPERATIONAL_RECORD,2026-01-15T09:00:00Z
MFG-0070,PharmaCorp India Unit 70 Pvt. Ltd.,PharmaCorp-70,"Industrial Area, Indore, Madhya Pradesh",info@pharmacorp-70.co.in,+91 70 2163 1964,DL-MFG-2019-1069,pharmaflow-main,SYNTHETIC_OPERATIONAL_RECORD,2026-01-15T09:00:00Z
MFG-0071,PharmaCorp India Unit 71 Pvt. Ltd.,PharmaCorp-71,"Industrial Area, Mumbai, Maharashtra",info@pharmacorp-71.co.in,+91 77 2104 1514,DL-MFG-2020-1070,pharmaflow-main,SYNTHETIC_OPERATIONAL_RECORD,2026-01-15T09:00:00Z
MFG-0072,PharmaCorp India Unit 72 Pvt. Ltd.,PharmaCorp-72,"Industrial Area, Ahmedabad, Gujarat",info@pharmacorp-72.co.in,+91 97 6413 2160,DL-MFG-2021-1071,pharmaflow-main,SYNTHETIC_OPERATIONAL_RECORD,2026-01-15T09:00:00Z
MFG-0073,PharmaCorp India Unit 73 Pvt. Ltd.,PharmaCorp-73,"Industrial Area, Hyderabad, Telangana",info@pharmacorp-73.co.in,+91 86 4899 5562,DL-MFG-2022-1072,pharmaflow-main,SYNTHETIC_OPERATIONAL_RECORD,2026-01-15T09:00:00Z
MFG-0074,PharmaCorp India Unit 74 Pvt. Ltd.,PharmaCorp-74,"Industrial Area, Bengaluru, Karnataka",info@pharmacorp-74.co.in,+91 91 8953 4510,DL-MFG-2023-1073,pharmaflow-main,SYNTHETIC_OPERATIONAL_RECORD,2026-01-15T09:00:00Z
MFG-0075,PharmaCorp India Unit 75 Pvt. Ltd.,PharmaCorp-75,"Industrial Area, Chennai, Tamil Nadu",info@pharmacorp-75.co.in,+91 87 3167 8744,DL-MFG-2024-1074,pharmaflow-main,SYNTHETIC_OPERATIONAL_RECORD,2026-01-15T09:00:00Z
MFG-0076,PharmaCorp India Unit 76 Pvt. Ltd.,PharmaCorp-76,"Industrial Area, Baddi, Himachal Pradesh",info@pharmacorp-76.co.in,+91 77 8749 7669,DL-MFG-2000-1075,pharmaflow-main,SYNTHETIC_OPERATIONAL_RECORD,2026-01-15T09:00:00Z
MFG-0077,PharmaCorp India Unit 77 Pvt. Ltd.,PharmaCorp-77,"Industrial Area, Sikkim",info@pharmacorp-77.co.in,+91 76 2545 2588,DL-MFG-2001-1076,pharmaflow-main,SYNTHETIC_OPERATIONAL_RECORD,2026-01-15T09:00:00Z
MFG-0078,PharmaCorp India Unit 78 Pvt. Ltd.,PharmaCorp-78,"Industrial Area, Goa",info@pharmacorp-78.co.in,+91 91 8062 6804,DL-MFG-2002-1077,pharmaflow-main,SYNTHETIC_OPERATIONAL_RECORD,2026-01-15T09:00:00Z
MFG-0079,PharmaCorp India Unit 79 Pvt. Ltd.,PharmaCorp-79,"Industrial Area, Pune, Maharashtra",info@pharmacorp-79.co.in,+91 83 7735 8651,DL-MFG-2003-1078,pharmaflow-main,SYNTHETIC_OPERATIONAL_RECORD,2026-01-15T09:00:00Z
MFG-0080,PharmaCorp India Unit 80 Pvt. Ltd.,PharmaCorp-80,"Industrial Area, Indore, Madhya Pradesh",info@pharmacorp-80.co.in,+91 97 1887 2612,DL-MFG-2004-1079,pharmaflow-main,SYNTHETIC_OPERATIONAL_RECORD,2026-01-15T09:00:00Z
MFG-0081,PharmaCorp India Unit 81 Pvt. Ltd.,PharmaCorp-81,"Industrial Area, Mumbai, Maharashtra",info@pharmacorp-81.co.in,+91 71 7596 6559,DL-MFG-2005-1080,pharmaflow-main,SYNTHETIC_OPERATIONAL_RECORD,2026-01-15T09:00:00Z
MFG-0082,PharmaCorp India Unit 82 Pvt. Ltd.,PharmaCorp-82,"Industrial Area, Ahmedabad, Gujarat",info@pharmacorp-82.co.in,+91 95 2790 5073,DL-MFG-2006-1081,pharmaflow-main,SYNTHETIC_OPERATIONAL_RECORD,2026-01-15T09:00:00Z
MFG-0083,PharmaCorp India Unit 83 Pvt. Ltd.,PharmaCorp-83,"Industrial Area, Hyderabad, Telangana",info@pharmacorp-83.co.in,+91 76 4116 9786,DL-MFG-2007-1082,pharmaflow-main,SYNTHETIC_OPERATIONAL_RECORD,2026-01-15T09:00:00Z
MFG-0084,PharmaCorp India Unit 84 Pvt. Ltd.,PharmaCorp-84,"Industrial Area, Bengaluru, Karnataka",info@pharmacorp-84.co.in,+91 84 3296 7912,DL-MFG-2008-1083,pharmaflow-main,SYNTHETIC_OPERATIONAL_RECORD,2026-01-15T09:00:00Z
MFG-0085,PharmaCorp India Unit 85 Pvt. Ltd.,PharmaCorp-85,"Industrial Area, Chennai, Tamil Nadu",info@pharmacorp-85.co.in,+91 75 5563 8579,DL-MFG-2009-1084,pharmaflow-main,SYNTHETIC_OPERATIONAL_RECORD,2026-01-15T09:00:00Z
MFG-0086,PharmaCorp India Unit 86 Pvt. Ltd.,PharmaCorp-86,"Industrial Area, Baddi, Himachal Pradesh",info@pharmacorp-86.co.in,+91 77 2235 8260,DL-MFG-2010-1085,pharmaflow-main,SYNTHETIC_OPERATIONAL_RECORD,2026-01-15T09:00:00Z
MFG-0087,PharmaCorp India Unit 87 Pvt. Ltd.,PharmaCorp-87,"Industrial Area, Sikkim",info@pharmacorp-87.co.in,+91 95 2604 1828,DL-MFG-2011-1086,pharmaflow-main,SYNTHETIC_OPERATIONAL_RECORD,2026-01-15T09:00:00Z
MFG-0088,PharmaCorp India Unit 88 Pvt. Ltd.,PharmaCorp-88,"Industrial Area, Goa",info@pharmacorp-88.co.in,+91 90 9856 1241,DL-MFG-2012-1087,pharmaflow-main,SYNTHETIC_OPERATIONAL_RECORD,2026-01-15T09:00:00Z
MFG-0089,PharmaCorp India Unit 89 Pvt. Ltd.,PharmaCorp-89,"Industrial Area, Pune, Maharashtra",info@pharmacorp-89.co.in,+91 72 4872 3724,DL-MFG-2013-1088,pharmaflow-main,SYNTHETIC_OPERATIONAL_RECORD,2026-01-15T09:00:00Z
MFG-0090,PharmaCorp India Unit 90 Pvt. Ltd.,PharmaCorp-90,"Industrial Area, Indore, Madhya Pradesh",info@pharmacorp-90.co.in,+91 83 8956 8886,DL-MFG-2014-1089,pharmaflow-main,SYNTHETIC_OPERATIONAL_RECORD,2026-01-15T09:00:00Z
MFG-0091,PharmaCorp India Unit 91 Pvt. Ltd.,PharmaCorp-91,"Industrial Area, Mumbai, Maharashtra",info@pharmacorp-91.co.in,+91 76 7570 1960,DL-MFG-2015-1090,pharmaflow-main,SYNTHETIC_OPERATIONAL_RECORD,2026-01-15T09:00:00Z
MFG-0092,PharmaCorp India Unit 92 Pvt. Ltd.,PharmaCorp-92,"Industrial Area, Ahmedabad, Gujarat",info@pharmacorp-92.co.in,+91 75 7209 1035,DL-MFG-2016-1091,pharmaflow-main,SYNTHETIC_OPERATIONAL_RECORD,2026-01-15T09:00:00Z
MFG-0093,PharmaCorp India Unit 93 Pvt. Ltd.,PharmaCorp-93,"Industrial Area, Hyderabad, Telangana",info@pharmacorp-93.co.in,+91 82 5345 8454,DL-MFG-2017-1092,pharmaflow-main,SYNTHETIC_OPERATIONAL_RECORD,2026-01-15T09:00:00Z
MFG-0094,PharmaCorp India Unit 94 Pvt. Ltd.,PharmaCorp-94,"Industrial Area, Bengaluru, Karnataka",info@pharmacorp-94.co.in,+91 79 7930 8973,DL-MFG-2018-1093,pharmaflow-main,SYNTHETIC_OPERATIONAL_RECORD,2026-01-15T09:00:00Z
MFG-0095,PharmaCorp India Unit 95 Pvt. Ltd.,PharmaCorp-95,"Industrial Area, Chennai, Tamil Nadu",info@pharmacorp-95.co.in,+91 74 4111 5861,DL-MFG-2019-1094,pharmaflow-main,SYNTHETIC_OPERATIONAL_RECORD,2026-01-15T09:00:00Z
MFG-0096,PharmaCorp India Unit 96 Pvt. Ltd.,PharmaCorp-96,"Industrial Area, Baddi, Himachal Pradesh",info@pharmacorp-96.co.in,+91 76 1958 9883,DL-MFG-2020-1095,pharmaflow-main,SYNTHETIC_OPERATIONAL_RECORD,2026-01-15T09:00:00Z
MFG-0097,PharmaCorp India Unit 97 Pvt. Ltd.,PharmaCorp-97,"Industrial Area, Sikkim",info@pharmacorp-97.co.in,+91 71 6138 1936,DL-MFG-2021-1096,pharmaflow-main,SYNTHETIC_OPERATIONAL_RECORD,2026-01-15T09:00:00Z
MFG-0098,PharmaCorp India Unit 98 Pvt. Ltd.,PharmaCorp-98,"Industrial Area, Goa",info@pharmacorp-98.co.in,+91 71 8811 9238,DL-MFG-2022-1097,pharmaflow-main,SYNTHETIC_OPERATIONAL_RECORD,2026-01-15T09:00:00Z
MFG-0099,PharmaCorp India Unit 99 Pvt. Ltd.,PharmaCorp-99,"Industrial Area, Pune, Maharashtra",info@pharmacorp-99.co.in,+91 99 9701 3579,DL-MFG-2023-1098,pharmaflow-main,SYNTHETIC_OPERATIONAL_RECORD,2026-01-15T09:00:00Z
MFG-0100,PharmaCorp India Unit 100 Pvt. Ltd.,PharmaCorp-100,"Industrial Area, Indore, Madhya Pradesh",info@pharmacorp-100.co.in,+91 71 9320 2312,DL-MFG-2024-1099,pharmaflow-main,SYNTHETIC_OPERATIONAL_RECORD,2026-01-15T09:00:00Z
MFG-0101,PharmaCorp India Unit 101 Pvt. Ltd.,PharmaCorp-101,"Industrial Area, Mumbai, Maharashtra",info@pharmacorp-101.co.in,+91 97 4044 2122,DL-MFG-2000-1100,pharmaflow-main,SYNTHETIC_OPERATIONAL_RECORD,2026-01-15T09:00:00Z
MFG-0102,PharmaCorp India Unit 102 Pvt. Ltd.,PharmaCorp-102,"Industrial Area, Ahmedabad, Gujarat",info@pharmacorp-102.co.in,+91 89 2113 4853,DL-MFG-2001-1101,pharmaflow-main,SYNTHETIC_OPERATIONAL_RECORD,2026-01-15T09:00:00Z
MFG-0103,PharmaCorp India Unit 103 Pvt. Ltd.,PharmaCorp-103,"Industrial Area, Hyderabad, Telangana",info@pharmacorp-103.co.in,+91 82 2964 5033,DL-MFG-2002-1102,pharmaflow-main,SYNTHETIC_OPERATIONAL_RECORD,2026-01-15T09:00:00Z
MFG-0104,PharmaCorp India Unit 104 Pvt. Ltd.,PharmaCorp-104,"Industrial Area, Bengaluru, Karnataka",info@pharmacorp-104.co.in,+91 88 1651 2343,DL-MFG-2003-1103,pharmaflow-main,SYNTHETIC_OPERATIONAL_RECORD,2026-01-15T09:00:00Z
MFG-0105,PharmaCorp India Unit 105 Pvt. Ltd.,PharmaCorp-105,"Industrial Area, Chennai, Tamil Nadu",info@pharmacorp-105.co.in,+91 83 9565 6183,DL-MFG-2004-1104,pharmaflow-main,SYNTHETIC_OPERATIONAL_RECORD,2026-01-15T09:00:00Z
MFG-0106,PharmaCorp India Unit 106 Pvt. Ltd.,PharmaCorp-106,"Industrial Area, Baddi, Himachal Pradesh",info@pharmacorp-106.co.in,+91 99 5272 4346,DL-MFG-2005-1105,pharmaflow-main,SYNTHETIC_OPERATIONAL_RECORD,2026-01-15T09:00:00Z
MFG-0107,PharmaCorp India Unit 107 Pvt. Ltd.,PharmaCorp-107,"Industrial Area, Sikkim",info@pharmacorp-107.co.in,+91 91 6147 4910,DL-MFG-2006-1106,pharmaflow-main,SYNTHETIC_OPERATIONAL_RECORD,2026-01-15T09:00:00Z
MFG-0108,PharmaCorp India Unit 108 Pvt. Ltd.,PharmaCorp-108,"Industrial Area, Goa",info@pharmacorp-108.co.in,+91 78 7484 3144,DL-MFG-2007-1107,pharmaflow-main,SYNTHETIC_OPERATIONAL_RECORD,2026-01-15T09:00:00Z
MFG-0109,PharmaCorp India Unit 109 Pvt. Ltd.,PharmaCorp-109,"Industrial Area, Pune, Maharashtra",info@pharmacorp-109.co.in,+91 91 5915 8491,DL-MFG-2008-1108,pharmaflow-main,SYNTHETIC_OPERATIONAL_RECORD,2026-01-15T09:00:00Z
MFG-0110,PharmaCorp India Unit 110 Pvt. Ltd.,PharmaCorp-110,"Industrial Area, Indore, Madhya Pradesh",info@pharmacorp-110.co.in,+91 80 2188 1152,DL-MFG-2009-1109,pharmaflow-main,SYNTHETIC_OPERATIONAL_RECORD,2026-01-15T09:00:00Z
MFG-0111,PharmaCorp India Unit 111 Pvt. Ltd.,PharmaCorp-111,"Industrial Area, Mumbai, Maharashtra",info@pharmacorp-111.co.in,+91 84 2638 2200,DL-MFG-2010-1110,pharmaflow-main,SYNTHETIC_OPERATIONAL_RECORD,2026-01-15T09:00:00Z
MFG-0112,PharmaCorp India Unit 112 Pvt. Ltd.,PharmaCorp-112,"Industrial Area, Ahmedabad, Gujarat",info@pharmacorp-112.co.in,+91 87 4492 9288,DL-MFG-2011-1111,pharmaflow-main,SYNTHETIC_OPERATIONAL_RECORD,2026-01-15T09:00:00Z
MFG-0113,PharmaCorp India Unit 113 Pvt. Ltd.,PharmaCorp-113,"Industrial Area, Hyderabad, Telangana",info@pharmacorp-113.co.in,+91 78 3170 6718,DL-MFG-2012-1112,pharmaflow-main,SYNTHETIC_OPERATIONAL_RECORD,2026-01-15T09:00:00Z
MFG-0114,PharmaCorp India Unit 114 Pvt. Ltd.,PharmaCorp-114,"Industrial Area, Bengaluru, Karnataka",info@pharmacorp-114.co.in,+91 98 2127 5002,DL-MFG-2013-1113,pharmaflow-main,SYNTHETIC_OPERATIONAL_RECORD,2026-01-15T09:00:00Z
MFG-0115,PharmaCorp India Unit 115 Pvt. Ltd.,PharmaCorp-115,"Industrial Area, Chennai, Tamil Nadu",info@pharmacorp-115.co.in,+91 81 5669 3584,DL-MFG-2014-1114,pharmaflow-main,SYNTHETIC_OPERATIONAL_RECORD,2026-01-15T09:00:00Z
MFG-0116,PharmaCorp India Unit 116 Pvt. Ltd.,PharmaCorp-116,"Industrial Area, Baddi, Himachal Pradesh",info@pharmacorp-116.co.in,+91 84 9900 5956,DL-MFG-2015-1115,pharmaflow-main,SYNTHETIC_OPERATIONAL_RECORD,2026-01-15T09:00:00Z
MFG-0117,PharmaCorp India Unit 117 Pvt. Ltd.,PharmaCorp-117,"Industrial Area, Sikkim",info@pharmacorp-117.co.in,+91 89 9666 1128,DL-MFG-2016-1116,pharmaflow-main,SYNTHETIC_OPERATIONAL_RECORD,2026-01-15T09:00:00Z
MFG-0118,PharmaCorp India Unit 118 Pvt. Ltd.,PharmaCorp-118,"Industrial Area, Goa",info@pharmacorp-118.co.in,+91 91 5905 2697,DL-MFG-2017-1117,pharmaflow-main,SYNTHETIC_OPERATIONAL_RECORD,2026-01-15T09:00:00Z
MFG-0119,PharmaCorp India Unit 119 Pvt. Ltd.,PharmaCorp-119,"Industrial Area, Pune, Maharashtra",info@pharmacorp-119.co.in,+91 98 3200 5333,DL-MFG-2018-1118,pharmaflow-main,SYNTHETIC_OPERATIONAL_RECORD,2026-01-15T09:00:00Z
MFG-0120,PharmaCorp India Unit 120 Pvt. Ltd.,PharmaCorp-120,"Industrial Area, Indore, Madhya Pradesh",info@pharmacorp-120.co.in,+91 73 2753 3546,DL-MFG-2019-1119,pharmaflow-main,SYNTHETIC_OPERATIONAL_RECORD,2026-01-15T09:00:00Z
MFG-0121,PharmaCorp India Unit 121 Pvt. Ltd.,PharmaCorp-121,"Industrial Area, Mumbai, Maharashtra",info@pharmacorp-121.co.in,+91 78 5616 4450,DL-MFG-2020-1120,pharmaflow-main,SYNTHETIC_OPERATIONAL_RECORD,2026-01-15T09:00:00Z
MFG-0122,PharmaCorp India Unit 122 Pvt. Ltd.,PharmaCorp-122,"Industrial Area, Ahmedabad, Gujarat",info@pharmacorp-122.co.in,+91 92 6617 4335,DL-MFG-2021-1121,pharmaflow-main,SYNTHETIC_OPERATIONAL_RECORD,2026-01-15T09:00:00Z
MFG-0123,PharmaCorp India Unit 123 Pvt. Ltd.,PharmaCorp-123,"Industrial Area, Hyderabad, Telangana",info@pharmacorp-123.co.in,+91 91 5325 9280,DL-MFG-2022-1122,pharmaflow-main,SYNTHETIC_OPERATIONAL_RECORD,2026-01-15T09:00:00Z
MFG-0124,PharmaCorp India Unit 124 Pvt. Ltd.,PharmaCorp-124,"Industrial Area, Bengaluru, Karnataka",info@pharmacorp-124.co.in,+91 85 5114 1832,DL-MFG-2023-1123,pharmaflow-main,SYNTHETIC_OPERATIONAL_RECORD,2026-01-15T09:00:00Z
MFG-0125,PharmaCorp India Unit 125 Pvt. Ltd.,PharmaCorp-125,"Industrial Area, Chennai, Tamil Nadu",info@pharmacorp-125.co.in,+91 72 7939 5533,DL-MFG-2024-1124,pharmaflow-main,SYNTHETIC_OPERATIONAL_RECORD,2026-01-15T09:00:00Z
MFG-0126,PharmaCorp India Unit 126 Pvt. Ltd.,PharmaCorp-126,"Industrial Area, Baddi, Himachal Pradesh",info@pharmacorp-126.co.in,+91 71 1058 6464,DL-MFG-2000-1125,pharmaflow-main,SYNTHETIC_OPERATIONAL_RECORD,2026-01-15T09:00:00Z
MFG-0127,PharmaCorp India Unit 127 Pvt. Ltd.,PharmaCorp-127,"Industrial Area, Sikkim",info@pharmacorp-127.co.in,+91 94 3143 5291,DL-MFG-2001-1126,pharmaflow-main,SYNTHETIC_OPERATIONAL_RECORD,2026-01-15T09:00:00Z
MFG-0128,PharmaCorp India Unit 128 Pvt. Ltd.,PharmaCorp-128,"Industrial Area, Goa",info@pharmacorp-128.co.in,+91 75 8239 8007,DL-MFG-2002-1127,pharmaflow-main,SYNTHETIC_OPERATIONAL_RECORD,2026-01-15T09:00:00Z
MFG-0129,PharmaCorp India Unit 129 Pvt. Ltd.,PharmaCorp-129,"Industrial Area, Pune, Maharashtra",info@pharmacorp-129.co.in,+91 87 1158 2832,DL-MFG-2003-1128,pharmaflow-main,SYNTHETIC_OPERATIONAL_RECORD,2026-01-15T09:00:00Z
MFG-0130,PharmaCorp India Unit 130 Pvt. Ltd.,PharmaCorp-130,"Industrial Area, Indore, Madhya Pradesh",info@pharmacorp-130.co.in,+91 72 3442 9938,DL-MFG-2004-1129,pharmaflow-main,SYNTHETIC_OPERATIONAL_RECORD,2026-01-15T09:00:00Z
MFG-0131,PharmaCorp India Unit 131 Pvt. Ltd.,PharmaCorp-131,"Industrial Area, Mumbai, Maharashtra",info@pharmacorp-131.co.in,+91 71 7049 3426,DL-MFG-2005-1130,pharmaflow-main,SYNTHETIC_OPERATIONAL_RECORD,2026-01-15T09:00:00Z
MFG-0132,PharmaCorp India Unit 132 Pvt. Ltd.,PharmaCorp-132,"Industrial Area, Ahmedabad, Gujarat",info@pharmacorp-132.co.in,+91 83 3088 1685,DL-MFG-2006-1131,pharmaflow-main,SYNTHETIC_OPERATIONAL_RECORD,2026-01-15T09:00:00Z
MFG-0133,PharmaCorp India Unit 133 Pvt. Ltd.,PharmaCorp-133,"Industrial Area, Hyderabad, Telangana",info@pharmacorp-133.co.in,+91 79 6974 1653,DL-MFG-2007-1132,pharmaflow-main,SYNTHETIC_OPERATIONAL_RECORD,2026-01-15T09:00:00Z
MFG-0134,PharmaCorp India Unit 134 Pvt. Ltd.,PharmaCorp-134,"Industrial Area, Bengaluru, Karnataka",info@pharmacorp-134.co.in,+91 98 6862 4441,DL-MFG-2008-1133,pharmaflow-main,SYNTHETIC_OPERATIONAL_RECORD,2026-01-15T09:00:00Z
MFG-0135,PharmaCorp India Unit 135 Pvt. Ltd.,PharmaCorp-135,"Industrial Area, Chennai, Tamil Nadu",info@pharmacorp-135.co.in,+91 91 5088 2684,DL-MFG-2009-1134,pharmaflow-main,SYNTHETIC_OPERATIONAL_RECORD,2026-01-15T09:00:00Z
MFG-0136,PharmaCorp India Unit 136 Pvt. Ltd.,PharmaCorp-136,"Industrial Area, Baddi, Himachal Pradesh",info@pharmacorp-136.co.in,+91 81 7658 3532,DL-MFG-2010-1135,pharmaflow-main,SYNTHETIC_OPERATIONAL_RECORD,2026-01-15T09:00:00Z
MFG-0137,PharmaCorp India Unit 137 Pvt. Ltd.,PharmaCorp-137,"Industrial Area, Sikkim",info@pharmacorp-137.co.in,+91 99 4878 3662,DL-MFG-2011-1136,pharmaflow-main,SYNTHETIC_OPERATIONAL_RECORD,2026-01-15T09:00:00Z
MFG-0138,PharmaCorp India Unit 138 Pvt. Ltd.,PharmaCorp-138,"Industrial Area, Goa",info@pharmacorp-138.co.in,+91 95 3900 7755,DL-MFG-2012-1137,pharmaflow-main,SYNTHETIC_OPERATIONAL_RECORD,2026-01-15T09:00:00Z
MFG-0139,PharmaCorp India Unit 139 Pvt. Ltd.,PharmaCorp-139,"Industrial Area, Pune, Maharashtra",info@pharmacorp-139.co.in,+91 70 3938 6442,DL-MFG-2013-1138,pharmaflow-main,SYNTHETIC_OPERATIONAL_RECORD,2026-01-15T09:00:00Z
MFG-0140,PharmaCorp India Unit 140 Pvt. Ltd.,PharmaCorp-140,"Industrial Area, Indore, Madhya Pradesh",info@pharmacorp-140.co.in,+91 95 7745 5065,DL-MFG-2014-1139,pharmaflow-main,SYNTHETIC_OPERATIONAL_RECORD,2026-01-15T09:00:00Z
MFG-0141,PharmaCorp India Unit 141 Pvt. Ltd.,PharmaCorp-141,"Industrial Area, Mumbai, Maharashtra",info@pharmacorp-141.co.in,+91 78 3608 2771,DL-MFG-2015-1140,pharmaflow-main,SYNTHETIC_OPERATIONAL_RECORD,2026-01-15T09:00:00Z
MFG-0142,PharmaCorp India Unit 142 Pvt. Ltd.,PharmaCorp-142,"Industrial Area, Ahmedabad, Gujarat",info@pharmacorp-142.co.in,+91 82 1634 8711,DL-MFG-2016-1141,pharmaflow-main,SYNTHETIC_OPERATIONAL_RECORD,2026-01-15T09:00:00Z
MFG-0143,PharmaCorp India Unit 143 Pvt. Ltd.,PharmaCorp-143,"Industrial Area, Hyderabad, Telangana",info@pharmacorp-143.co.in,+91 77 4269 8541,DL-MFG-2017-1142,pharmaflow-main,SYNTHETIC_OPERATIONAL_RECORD,2026-01-15T09:00:00Z
MFG-0144,PharmaCorp India Unit 144 Pvt. Ltd.,PharmaCorp-144,"Industrial Area, Bengaluru, Karnataka",info@pharmacorp-144.co.in,+91 81 6000 4728,DL-MFG-2018-1143,pharmaflow-main,SYNTHETIC_OPERATIONAL_RECORD,2026-01-15T09:00:00Z
MFG-0145,PharmaCorp India Unit 145 Pvt. Ltd.,PharmaCorp-145,"Industrial Area, Chennai, Tamil Nadu",info@pharmacorp-145.co.in,+91 77 1387 4164,DL-MFG-2019-1144,pharmaflow-main,SYNTHETIC_OPERATIONAL_RECORD,2026-01-15T09:00:00Z
MFG-0146,PharmaCorp India Unit 146 Pvt. Ltd.,PharmaCorp-146,"Industrial Area, Baddi, Himachal Pradesh",info@pharmacorp-146.co.in,+91 82 6378 5564,DL-MFG-2020-1145,pharmaflow-main,SYNTHETIC_OPERATIONAL_RECORD,2026-01-15T09:00:00Z
MFG-0147,PharmaCorp India Unit 147 Pvt. Ltd.,PharmaCorp-147,"Industrial Area, Sikkim",info@pharmacorp-147.co.in,+91 97 2137 5573,DL-MFG-2021-1146,pharmaflow-main,SYNTHETIC_OPERATIONAL_RECORD,2026-01-15T09:00:00Z
MFG-0148,PharmaCorp India Unit 148 Pvt. Ltd.,PharmaCorp-148,"Industrial Area, Goa",info@pharmacorp-148.co.in,+91 81 9346 7548,DL-MFG-2022-1147,pharmaflow-main,SYNTHETIC_OPERATIONAL_RECORD,2026-01-15T09:00:00Z
MFG-0149,PharmaCorp India Unit 149 Pvt. Ltd.,PharmaCorp-149,"Industrial Area, Pune, Maharashtra",info@pharmacorp-149.co.in,+91 91 9785 6425,DL-MFG-2023-1148,pharmaflow-main,SYNTHETIC_OPERATIONAL_RECORD,2026-01-15T09:00:00Z
MFG-0150,PharmaCorp India Unit 150 Pvt. Ltd.,PharmaCorp-150,"Industrial Area, Indore, Madhya Pradesh",info@pharmacorp-150.co.in,+91 70 2889 5279,DL-MFG-2024-1149,pharmaflow-main,SYNTHETIC_OPERATIONAL_RECORD,2026-01-15T09:00:00Z
MFG-0151,PharmaCorp India Unit 151 Pvt. Ltd.,PharmaCorp-151,"Industrial Area, Mumbai, Maharashtra",info@pharmacorp-151.co.in,+91 75 5349 1626,DL-MFG-2000-1150,pharmaflow-main,SYNTHETIC_OPERATIONAL_RECORD,2026-01-15T09:00:00Z
MFG-0152,PharmaCorp India Unit 152 Pvt. Ltd.,PharmaCorp-152,"Industrial Area, Ahmedabad, Gujarat",info@pharmacorp-152.co.in,+91 73 8119 6663,DL-MFG-2001-1151,pharmaflow-main,SYNTHETIC_OPERATIONAL_RECORD,2026-01-15T09:00:00Z
MFG-0153,PharmaCorp India Unit 153 Pvt. Ltd.,PharmaCorp-153,"Industrial Area, Hyderabad, Telangana",info@pharmacorp-153.co.in,+91 93 6139 8149,DL-MFG-2002-1152,pharmaflow-main,SYNTHETIC_OPERATIONAL_RECORD,2026-01-15T09:00:00Z
MFG-0154,PharmaCorp India Unit 154 Pvt. Ltd.,PharmaCorp-154,"Industrial Area, Bengaluru, Karnataka",info@pharmacorp-154.co.in,+91 89 9379 2894,DL-MFG-2003-1153,pharmaflow-main,SYNTHETIC_OPERATIONAL_RECORD,2026-01-15T09:00:00Z
MFG-0155,PharmaCorp India Unit 155 Pvt. Ltd.,PharmaCorp-155,"Industrial Area, Chennai, Tamil Nadu",info@pharmacorp-155.co.in,+91 82 4114 5173,DL-MFG-2004-1154,pharmaflow-main,SYNTHETIC_OPERATIONAL_RECORD,2026-01-15T09:00:00Z
MFG-0156,PharmaCorp India Unit 156 Pvt. Ltd.,PharmaCorp-156,"Industrial Area, Baddi, Himachal Pradesh",info@pharmacorp-156.co.in,+91 71 8144 1027,DL-MFG-2005-1155,pharmaflow-main,SYNTHETIC_OPERATIONAL_RECORD,2026-01-15T09:00:00Z
MFG-0157,PharmaCorp India Unit 157 Pvt. Ltd.,PharmaCorp-157,"Industrial Area, Sikkim",info@pharmacorp-157.co.in,+91 86 9821 4228,DL-MFG-2006-1156,pharmaflow-main,SYNTHETIC_OPERATIONAL_RECORD,2026-01-15T09:00:00Z
MFG-0158,PharmaCorp India Unit 158 Pvt. Ltd.,PharmaCorp-158,"Industrial Area, Goa",info@pharmacorp-158.co.in,+91 81 8066 2146,DL-MFG-2007-1157,pharmaflow-main,SYNTHETIC_OPERATIONAL_RECORD,2026-01-15T09:00:00Z
MFG-0159,PharmaCorp India Unit 159 Pvt. Ltd.,PharmaCorp-159,"Industrial Area, Pune, Maharashtra",info@pharmacorp-159.co.in,+91 91 6409 6143,DL-MFG-2008-1158,pharmaflow-main,SYNTHETIC_OPERATIONAL_RECORD,2026-01-15T09:00:00Z
MFG-0160,PharmaCorp India Unit 160 Pvt. Ltd.,PharmaCorp-160,"Industrial Area, Indore, Madhya Pradesh",info@pharmacorp-160.co.in,+91 91 3041 5920,DL-MFG-2009-1159,pharmaflow-main,SYNTHETIC_OPERATIONAL_RECORD,2026-01-15T09:00:00Z
MFG-0161,PharmaCorp India Unit 161 Pvt. Ltd.,PharmaCorp-161,"Industrial Area, Mumbai, Maharashtra",info@pharmacorp-161.co.in,+91 86 6067 7691,DL-MFG-2010-1160,pharmaflow-main,SYNTHETIC_OPERATIONAL_RECORD,2026-01-15T09:00:00Z
MFG-0162,PharmaCorp India Unit 162 Pvt. Ltd.,PharmaCorp-162,"Industrial Area, Ahmedabad, Gujarat",info@pharmacorp-162.co.in,+91 80 7592 5844,DL-MFG-2011-1161,pharmaflow-main,SYNTHETIC_OPERATIONAL_RECORD,2026-01-15T09:00:00Z
MFG-0163,PharmaCorp India Unit 163 Pvt. Ltd.,PharmaCorp-163,"Industrial Area, Hyderabad, Telangana",info@pharmacorp-163.co.in,+91 87 3085 4143,DL-MFG-2012-1162,pharmaflow-main,SYNTHETIC_OPERATIONAL_RECORD,2026-01-15T09:00:00Z
MFG-0164,PharmaCorp India Unit 164 Pvt. Ltd.,PharmaCorp-164,"Industrial Area, Bengaluru, Karnataka",info@pharmacorp-164.co.in,+91 83 7211 3851,DL-MFG-2013-1163,pharmaflow-main,SYNTHETIC_OPERATIONAL_RECORD,2026-01-15T09:00:00Z
MFG-0165,PharmaCorp India Unit 165 Pvt. Ltd.,PharmaCorp-165,"Industrial Area, Chennai, Tamil Nadu",info@pharmacorp-165.co.in,+91 89 5930 7653,DL-MFG-2014-1164,pharmaflow-main,SYNTHETIC_OPERATIONAL_RECORD,2026-01-15T09:00:00Z
MFG-0166,PharmaCorp India Unit 166 Pvt. Ltd.,PharmaCorp-166,"Industrial Area, Baddi, Himachal Pradesh",info@pharmacorp-166.co.in,+91 87 1006 5978,DL-MFG-2015-1165,pharmaflow-main,SYNTHETIC_OPERATIONAL_RECORD,2026-01-15T09:00:00Z
MFG-0167,PharmaCorp India Unit 167 Pvt. Ltd.,PharmaCorp-167,"Industrial Area, Sikkim",info@pharmacorp-167.co.in,+91 79 4443 8043,DL-MFG-2016-1166,pharmaflow-main,SYNTHETIC_OPERATIONAL_RECORD,2026-01-15T09:00:00Z
MFG-0168,PharmaCorp India Unit 168 Pvt. Ltd.,PharmaCorp-168,"Industrial Area, Goa",info@pharmacorp-168.co.in,+91 95 6279 8618,DL-MFG-2017-1167,pharmaflow-main,SYNTHETIC_OPERATIONAL_RECORD,2026-01-15T09:00:00Z
MFG-0169,PharmaCorp India Unit 169 Pvt. Ltd.,PharmaCorp-169,"Industrial Area, Pune, Maharashtra",info@pharmacorp-169.co.in,+91 84 8244 4501,DL-MFG-2018-1168,pharmaflow-main,SYNTHETIC_OPERATIONAL_RECORD,2026-01-15T09:00:00Z
MFG-0170,PharmaCorp India Unit 170 Pvt. Ltd.,PharmaCorp-170,"Industrial Area, Indore, Madhya Pradesh",info@pharmacorp-170.co.in,+91 86 8752 3780,DL-MFG-2019-1169,pharmaflow-main,SYNTHETIC_OPERATIONAL_RECORD,2026-01-15T09:00:00Z
MFG-0171,PharmaCorp India Unit 171 Pvt. Ltd.,PharmaCorp-171,"Industrial Area, Mumbai, Maharashtra",info@pharmacorp-171.co.in,+91 91 2389 5649,DL-MFG-2020-1170,pharmaflow-main,SYNTHETIC_OPERATIONAL_RECORD,2026-01-15T09:00:00Z
MFG-0172,PharmaCorp India Unit 172 Pvt. Ltd.,PharmaCorp-172,"Industrial Area, Ahmedabad, Gujarat",info@pharmacorp-172.co.in,+91 86 6491 2530,DL-MFG-2021-1171,pharmaflow-main,SYNTHETIC_OPERATIONAL_RECORD,2026-01-15T09:00:00Z
MFG-0173,PharmaCorp India Unit 173 Pvt. Ltd.,PharmaCorp-173,"Industrial Area, Hyderabad, Telangana",info@pharmacorp-173.co.in,+91 96 4848 6085,DL-MFG-2022-1172,pharmaflow-main,SYNTHETIC_OPERATIONAL_RECORD,2026-01-15T09:00:00Z
MFG-0174,PharmaCorp India Unit 174 Pvt. Ltd.,PharmaCorp-174,"Industrial Area, Bengaluru, Karnataka",info@pharmacorp-174.co.in,+91 77 4262 3414,DL-MFG-2023-1173,pharmaflow-main,SYNTHETIC_OPERATIONAL_RECORD,2026-01-15T09:00:00Z
MFG-0175,PharmaCorp India Unit 175 Pvt. Ltd.,PharmaCorp-175,"Industrial Area, Chennai, Tamil Nadu",info@pharmacorp-175.co.in,+91 70 1757 5011,DL-MFG-2024-1174,pharmaflow-main,SYNTHETIC_OPERATIONAL_RECORD,2026-01-15T09:00:00Z
MFG-0176,PharmaCorp India Unit 176 Pvt. Ltd.,PharmaCorp-176,"Industrial Area, Baddi, Himachal Pradesh",info@pharmacorp-176.co.in,+91 85 2193 8461,DL-MFG-2000-1175,pharmaflow-main,SYNTHETIC_OPERATIONAL_RECORD,2026-01-15T09:00:00Z
MFG-0177,PharmaCorp India Unit 177 Pvt. Ltd.,PharmaCorp-177,"Industrial Area, Sikkim",info@pharmacorp-177.co.in,+91 83 4185 7291,DL-MFG-2001-1176,pharmaflow-main,SYNTHETIC_OPERATIONAL_RECORD,2026-01-15T09:00:00Z
MFG-0178,PharmaCorp India Unit 178 Pvt. Ltd.,PharmaCorp-178,"Industrial Area, Goa",info@pharmacorp-178.co.in,+91 85 7547 4997,DL-MFG-2002-1177,pharmaflow-main,SYNTHETIC_OPERATIONAL_RECORD,2026-01-15T09:00:00Z
MFG-0179,PharmaCorp India Unit 179 Pvt. Ltd.,PharmaCorp-179,"Industrial Area, Pune, Maharashtra",info@pharmacorp-179.co.in,+91 74 1090 2746,DL-MFG-2003-1178,pharmaflow-main,SYNTHETIC_OPERATIONAL_RECORD,2026-01-15T09:00:00Z
MFG-0180,PharmaCorp India Unit 180 Pvt. Ltd.,PharmaCorp-180,"Industrial Area, Indore, Madhya Pradesh",info@pharmacorp-180.co.in,+91 94 7965 4585,DL-MFG-2004-1179,pharmaflow-main,SYNTHETIC_OPERATIONAL_RECORD,2026-01-15T09:00:00Z
MFG-0181,PharmaCorp India Unit 181 Pvt. Ltd.,PharmaCorp-181,"Industrial Area, Mumbai, Maharashtra",info@pharmacorp-181.co.in,+91 75 9486 8611,DL-MFG-2005-1180,pharmaflow-main,SYNTHETIC_OPERATIONAL_RECORD,2026-01-15T09:00:00Z
MFG-0182,PharmaCorp India Unit 182 Pvt. Ltd.,PharmaCorp-182,"Industrial Area, Ahmedabad, Gujarat",info@pharmacorp-182.co.in,+91 71 5082 2988,DL-MFG-2006-1181,pharmaflow-main,SYNTHETIC_OPERATIONAL_RECORD,2026-01-15T09:00:00Z
MFG-0183,PharmaCorp India Unit 183 Pvt. Ltd.,PharmaCorp-183,"Industrial Area, Hyderabad, Telangana",info@pharmacorp-183.co.in,+91 84 3184 8612,DL-MFG-2007-1182,pharmaflow-main,SYNTHETIC_OPERATIONAL_RECORD,2026-01-15T09:00:00Z
MFG-0184,PharmaCorp India Unit 184 Pvt. Ltd.,PharmaCorp-184,"Industrial Area, Bengaluru, Karnataka",info@pharmacorp-184.co.in,+91 91 9702 6198,DL-MFG-2008-1183,pharmaflow-main,SYNTHETIC_OPERATIONAL_RECORD,2026-01-15T09:00:00Z
MFG-0185,PharmaCorp India Unit 185 Pvt. Ltd.,PharmaCorp-185,"Industrial Area, Chennai, Tamil Nadu",info@pharmacorp-185.co.in,+91 94 8251 9270,DL-MFG-2009-1184,pharmaflow-main,SYNTHETIC_OPERATIONAL_RECORD,2026-01-15T09:00:00Z
MFG-0186,PharmaCorp India Unit 186 Pvt. Ltd.,PharmaCorp-186,"Industrial Area, Baddi, Himachal Pradesh",info@pharmacorp-186.co.in,+91 83 9976 8305,DL-MFG-2010-1185,pharmaflow-main,SYNTHETIC_OPERATIONAL_RECORD,2026-01-15T09:00:00Z
MFG-0187,PharmaCorp India Unit 187 Pvt. Ltd.,PharmaCorp-187,"Industrial Area, Sikkim",info@pharmacorp-187.co.in,+91 98 3607 8777,DL-MFG-2011-1186,pharmaflow-main,SYNTHETIC_OPERATIONAL_RECORD,2026-01-15T09:00:00Z
MFG-0188,PharmaCorp India Unit 188 Pvt. Ltd.,PharmaCorp-188,"Industrial Area, Goa",info@pharmacorp-188.co.in,+91 84 5246 5050,DL-MFG-2012-1187,pharmaflow-main,SYNTHETIC_OPERATIONAL_RECORD,2026-01-15T09:00:00Z
MFG-0189,PharmaCorp India Unit 189 Pvt. Ltd.,PharmaCorp-189,"Industrial Area, Pune, Maharashtra",info@pharmacorp-189.co.in,+91 96 5543 9540,DL-MFG-2013-1188,pharmaflow-main,SYNTHETIC_OPERATIONAL_RECORD,2026-01-15T09:00:00Z
MFG-0190,PharmaCorp India Unit 190 Pvt. Ltd.,PharmaCorp-190,"Industrial Area, Indore, Madhya Pradesh",info@pharmacorp-190.co.in,+91 85 4919 5499,DL-MFG-2014-1189,pharmaflow-main,SYNTHETIC_OPERATIONAL_RECORD,2026-01-15T09:00:00Z
MFG-0191,PharmaCorp India Unit 191 Pvt. Ltd.,PharmaCorp-191,"Industrial Area, Mumbai, Maharashtra",info@pharmacorp-191.co.in,+91 84 2269 5681,DL-MFG-2015-1190,pharmaflow-main,SYNTHETIC_OPERATIONAL_RECORD,2026-01-15T09:00:00Z
MFG-0192,PharmaCorp India Unit 192 Pvt. Ltd.,PharmaCorp-192,"Industrial Area, Ahmedabad, Gujarat",info@pharmacorp-192.co.in,+91 77 5451 6502,DL-MFG-2016-1191,pharmaflow-main,SYNTHETIC_OPERATIONAL_RECORD,2026-01-15T09:00:00Z
MFG-0193,PharmaCorp India Unit 193 Pvt. Ltd.,PharmaCorp-193,"Industrial Area, Hyderabad, Telangana",info@pharmacorp-193.co.in,+91 80 9849 2320,DL-MFG-2017-1192,pharmaflow-main,SYNTHETIC_OPERATIONAL_RECORD,2026-01-15T09:00:00Z
MFG-0194,PharmaCorp India Unit 194 Pvt. Ltd.,PharmaCorp-194,"Industrial Area, Bengaluru, Karnataka",info@pharmacorp-194.co.in,+91 74 3471 4788,DL-MFG-2018-1193,pharmaflow-main,SYNTHETIC_OPERATIONAL_RECORD,2026-01-15T09:00:00Z
MFG-0195,PharmaCorp India Unit 195 Pvt. Ltd.,PharmaCorp-195,"Industrial Area, Chennai, Tamil Nadu",info@pharmacorp-195.co.in,+91 82 3503 4505,DL-MFG-2019-1194,pharmaflow-main,SYNTHETIC_OPERATIONAL_RECORD,2026-01-15T09:00:00Z
MFG-0196,PharmaCorp India Unit 196 Pvt. Ltd.,PharmaCorp-196,"Industrial Area, Baddi, Himachal Pradesh",info@pharmacorp-196.co.in,+91 72 7797 7678,DL-MFG-2020-1195,pharmaflow-main,SYNTHETIC_OPERATIONAL_RECORD,2026-01-15T09:00:00Z
MFG-0197,PharmaCorp India Unit 197 Pvt. Ltd.,PharmaCorp-197,"Industrial Area, Sikkim",info@pharmacorp-197.co.in,+91 80 9890 8633,DL-MFG-2021-1196,pharmaflow-main,SYNTHETIC_OPERATIONAL_RECORD,2026-01-15T09:00:00Z
MFG-0198,PharmaCorp India Unit 198 Pvt. Ltd.,PharmaCorp-198,"Industrial Area, Goa",info@pharmacorp-198.co.in,+91 83 2020 4388,DL-MFG-2022-1197,pharmaflow-main,SYNTHETIC_OPERATIONAL_RECORD,2026-01-15T09:00:00Z
MFG-0199,PharmaCorp India Unit 199 Pvt. Ltd.,PharmaCorp-199,"Industrial Area, Pune, Maharashtra",info@pharmacorp-199.co.in,+91 96 7883 7381,DL-MFG-2023-1198,pharmaflow-main,SYNTHETIC_OPERATIONAL_RECORD,2026-01-15T09:00:00Z
MFG-0200,PharmaCorp India Unit 200 Pvt. Ltd.,PharmaCorp-200,"Industrial Area, Indore, Madhya Pradesh",info@pharmacorp-200.co.in,+91 98 1320 7232,DL-MFG-2024-1199,pharmaflow-main,SYNTHETIC_OPERATIONAL_RECORD,2026-01-15T09:00:00Z
MFG-0201,PharmaCorp India Unit 201 Pvt. Ltd.,PharmaCorp-201,"Industrial Area, Mumbai, Maharashtra",info@pharmacorp-201.co.in,+91 85 1096 6763,DL-MFG-2000-1200,pharmaflow-main,SYNTHETIC_OPERATIONAL_RECORD,2026-01-15T09:00:00Z
MFG-0202,PharmaCorp India Unit 202 Pvt. Ltd.,PharmaCorp-202,"Industrial Area, Ahmedabad, Gujarat",info@pharmacorp-202.co.in,+91 79 7389 7865,DL-MFG-2001-1201,pharmaflow-main,SYNTHETIC_OPERATIONAL_RECORD,2026-01-15T09:00:00Z
MFG-0203,PharmaCorp India Unit 203 Pvt. Ltd.,PharmaCorp-203,"Industrial Area, Hyderabad, Telangana",info@pharmacorp-203.co.in,+91 87 9947 4613,DL-MFG-2002-1202,pharmaflow-main,SYNTHETIC_OPERATIONAL_RECORD,2026-01-15T09:00:00Z
MFG-0204,PharmaCorp India Unit 204 Pvt. Ltd.,PharmaCorp-204,"Industrial Area, Bengaluru, Karnataka",info@pharmacorp-204.co.in,+91 85 4595 5471,DL-MFG-2003-1203,pharmaflow-main,SYNTHETIC_OPERATIONAL_RECORD,2026-01-15T09:00:00Z
MFG-0205,PharmaCorp India Unit 205 Pvt. Ltd.,PharmaCorp-205,"Industrial Area, Chennai, Tamil Nadu",info@pharmacorp-205.co.in,+91 83 8956 1475,DL-MFG-2004-1204,pharmaflow-main,SYNTHETIC_OPERATIONAL_RECORD,2026-01-15T09:00:00Z
MFG-0206,PharmaCorp India Unit 206 Pvt. Ltd.,PharmaCorp-206,"Industrial Area, Baddi, Himachal Pradesh",info@pharmacorp-206.co.in,+91 82 6507 7624,DL-MFG-2005-1205,pharmaflow-main,SYNTHETIC_OPERATIONAL_RECORD,2026-01-15T09:00:00Z
MFG-0207,PharmaCorp India Unit 207 Pvt. Ltd.,PharmaCorp-207,"Industrial Area, Sikkim",info@pharmacorp-207.co.in,+91 93 3704 8657,DL-MFG-2006-1206,pharmaflow-main,SYNTHETIC_OPERATIONAL_RECORD,2026-01-15T09:00:00Z
MFG-0208,PharmaCorp India Unit 208 Pvt. Ltd.,PharmaCorp-208,"Industrial Area, Goa",info@pharmacorp-208.co.in,+91 99 3091 9751,DL-MFG-2007-1207,pharmaflow-main,SYNTHETIC_OPERATIONAL_RECORD,2026-01-15T09:00:00Z
MFG-0209,PharmaCorp India Unit 209 Pvt. Ltd.,PharmaCorp-209,"Industrial Area, Pune, Maharashtra",info@pharmacorp-209.co.in,+91 70 7455 1444,DL-MFG-2008-1208,pharmaflow-main,SYNTHETIC_OPERATIONAL_RECORD,2026-01-15T09:00:00Z
MFG-0210,PharmaCorp India Unit 210 Pvt. Ltd.,PharmaCorp-210,"Industrial Area, Indore, Madhya Pradesh",info@pharmacorp-210.co.in,+91 72 8022 3223,DL-MFG-2009-1209,pharmaflow-main,SYNTHETIC_OPERATIONAL_RECORD,2026-01-15T09:00:00Z
MFG-0211,PharmaCorp India Unit 211 Pvt. Ltd.,PharmaCorp-211,"Industrial Area, Mumbai, Maharashtra",info@pharmacorp-211.co.in,+91 97 8564 3977,DL-MFG-2010-1210,pharmaflow-main,SYNTHETIC_OPERATIONAL_RECORD,2026-01-15T09:00:00Z
MFG-0212,PharmaCorp India Unit 212 Pvt. Ltd.,PharmaCorp-212,"Industrial Area, Ahmedabad, Gujarat",info@pharmacorp-212.co.in,+91 71 5262 7211,DL-MFG-2011-1211,pharmaflow-main,SYNTHETIC_OPERATIONAL_RECORD,2026-01-15T09:00:00Z
MFG-0213,PharmaCorp India Unit 213 Pvt. Ltd.,PharmaCorp-213,"Industrial Area, Hyderabad, Telangana",info@pharmacorp-213.co.in,+91 80 4467 8449,DL-MFG-2012-1212,pharmaflow-main,SYNTHETIC_OPERATIONAL_RECORD,2026-01-15T09:00:00Z
MFG-0214,PharmaCorp India Unit 214 Pvt. Ltd.,PharmaCorp-214,"Industrial Area, Bengaluru, Karnataka",info@pharmacorp-214.co.in,+91 80 6529 7211,DL-MFG-2013-1213,pharmaflow-main,SYNTHETIC_OPERATIONAL_RECORD,2026-01-15T09:00:00Z
