pharmacistId,name,email,phone,role,registrationNumber,council,qualification,shift,isActive,workspaceId,provenance
PHARM-KA-2022-7212,Deepak R,deepak.it23@bitsathy.ac.in,+91 93845 99028,PHARMACIST,KA-PHARM-2022-7212,Karnataka State Pharmacy Council,"B.Pharm, Pharm.D (Registered)",GENERAL_PRIMARY,True,pharmaflow-main,PUBLIC_REAL
PHARM-HIST-0001,Aravind Swaminathan,aravind.swaminathan@pharmaflow.internal,+91 9839042654,STAFF_PHARMACIST,KA-PHARM-2018-8000,Karnataka State Pharmacy Council,B.Pharm,NIGHT,True,pharmaflow-main,SYNTHETIC_OPERATIONAL_RECORD
PHARM-HIST-0002,Sneha Rao,sneha.rao@pharmaflow.internal,+91 9874988034,STAFF_PHARMACIST,KA-PHARM-2018-8001,Karnataka State Pharmacy Council,B.Pharm,EVENING,True,pharmaflow-main,SYNTHETIC_OPERATIONAL_RECORD
PHARM-HIST-0003,Karthik Subramanian,karthik.subramanian@pharmaflow.internal,+91 9889133014,STAFF_PHARMACIST,KA-PHARM-2018-8002,Karnataka State Pharmacy Council,B.Pharm,NIGHT,True,pharmaflow-main,SYNTHETIC_OPERATIONAL_RECORD
PHARM-HIST-0004,Divya Menon,divya.menon@pharmaflow.internal,+91 9890099897,STAFF_PHARMACIST,KA-PHARM-2018-8003,Karnataka State Pharmacy Council,B.Pharm,EVENING,True,pharmaflow-main,SYNTHETIC_OPERATIONAL_RECORD
PHARM-HIST-0005,Rohan Mehta,rohan.mehta@pharmaflow.internal,+91 9823492385,STAFF_PHARMACIST,KA-PHARM-2018-8004,Karnataka State Pharmacy Council,B.Pharm,MORNING,True,pharmaflow-main,SYNTHETIC_OPERATIONAL_RECORD
PHARM-HIST-0006,Ananya Sharma,ananya.sharma@pharmaflow.internal,+91 9849761527,STAFF_PHARMACIST,KA-PHARM-2018-8005,Karnataka State Pharmacy Council,B.Pharm,MORNING,True,pharmaflow-main,SYNTHETIC_OPERATIONAL_RECORD
PHARM-HIST-0007,Venkatesh Iyer,venkatesh.iyer@pharmaflow.internal,+91 9858436637,STAFF_PHARMACIST,KA-PHARM-2018-8006,Karnataka State Pharmacy Council,B.Pharm,MORNING,True,pharmaflow-main,SYNTHETIC_OPERATIONAL_RECORD
PHARM-HIST-0008,Pooja Hegde,pooja.hegde@pharmaflow.internal,+91 9850569669,STAFF_PHARMACIST,KA-PHARM-2018-8007,Karnataka State Pharmacy Council,B.Pharm,MORNING,True,pharmaflow-main,SYNTHETIC_OPERATIONAL_RECORD
PHARM-HIST-0009,Sanjay Nambiar,sanjay.nambiar@pharmaflow.internal,+91 9881690398,STAFF_PHARMACIST,KA-PHARM-2018-8008,Karnataka State Pharmacy Council,B.Pharm,MORNING,True,pharmaflow-main,SYNTHETIC_OPERATIONAL_RECORD
PHARM-HIST-0010,Meera Krishnan,meera.krishnan@pharmaflow.internal,+91 9846817443,STAFF_PHARMACIST,KA-PHARM-2018-8009,Karnataka State Pharmacy Council,B.Pharm,MORNING,True,pharmaflow-main,SYNTHETIC_OPERATIONAL_RECORD
PHARM-HIST-0011,Aditya Kulkarni,aditya.kulkarni@pharmaflow.internal,+91 9817318358,STAFF_PHARMACIST,KA-PHARM-2018-8010,Karnataka State Pharmacy Council,B.Pharm,NIGHT,True,pharmaflow-main,SYNTHETIC_OPERATIONAL_RECORD
PHARM-HIST-0012,Swati Deshmukh,swati.deshmukh@pharmaflow.internal,+91 9849209916,STAFF_PHARMACIST,KA-PHARM-2018-8011,Karnataka State Pharmacy Council,B.Pharm,NIGHT,True,pharmaflow-main,SYNTHETIC_OPERATIONAL_RECORD
PHARM-HIST-0013,Nikhil Bhat,nikhil.bhat@pharmaflow.internal,+91 9826948946,STAFF_PHARMACIST,KA-PHARM-2018-8012,Karnataka State Pharmacy Council,B.Pharm,NIGHT,True,pharmaflow-main,SYNTHETIC_OPERATIONAL_RECORD
PHARM-HIST-0014,Shalini Verma,shalini.verma@pharmaflow.internal,+91 9875884623,STAFF_PHARMACIST,KA-PHARM-2018-8013,Karnataka State Pharmacy Council,B.Pharm,MORNING,True,pharmaflow-main,SYNTHETIC_OPERATIONAL_RECORD
PHARM-HIST-0015,Gautam Pillai,gautam.pillai@pharmaflow.internal,+91 9811646234,STAFF_PHARMACIST,KA-PHARM-2018-8014,Karnataka State Pharmacy Council,B.Pharm,NIGHT,True,pharmaflow-main,SYNTHETIC_OPERATIONAL_RECORD
PHARM-HIST-0016,Rashmi Nair,rashmi.nair@pharmaflow.internal,+91 9848163378,STAFF_PHARMACIST,KA-PHARM-2018-8015,Karnataka State Pharmacy Council,B.Pharm,EVENING,True,pharmaflow-main,SYNTHETIC_OPERATIONAL_RECORD
PHARM-HIST-0017,Varun Shenoy,varun.shenoy@pharmaflow.internal,+91 9874251933,STAFF_PHARMACIST,KA-PHARM-2018-8016,Karnataka State Pharmacy Council,B.Pharm,EVENING,True,pharmaflow-main,SYNTHETIC_OPERATIONAL_RECORD
PHARM-HIST-0018,Geetha Radhakrishnan,geetha.radhakrishnan@pharmaflow.internal,+91 9855728776,STAFF_PHARMACIST,KA-PHARM-2018-8017,Karnataka State Pharmacy Council,B.Pharm,MORNING,True,pharmaflow-main,SYNTHETIC_OPERATIONAL_RECORD
PHARM-HIST-0019,Manoj Patil,manoj.patil@pharmaflow.internal,+91 9816895666,STAFF_PHARMACIST,KA-PHARM-2018-8018,Karnataka State Pharmacy Council,B.Pharm,EVENING,True,pharmaflow-main,SYNTHETIC_OPERATIONAL_RECORD
PHARM-HIST-0020,Harini Sundaram,harini.sundaram@pharmaflow.internal,+91 9874119726,STAFF_PHARMACIST,KA-PHARM-2018-8019,Karnataka State Pharmacy Council,B.Pharm,MORNING,True,pharmaflow-main,SYNTHETIC_OPERATIONAL_RECORD
PHARM-HIST-0021,Suresh Prabhu,suresh.prabhu@pharmaflow.internal,+91 9818770247,STAFF_PHARMACIST,KA-PHARM-2018-8020,Karnataka State Pharmacy Council,B.Pharm,EVENING,True,pharmaflow-main,SYNTHETIC_OPERATIONAL_RECORD
PHARM-HIST-0022,Deepa Namboodiri,deepa.namboodiri@pharmaflow.internal,+91 9876001106,STAFF_PHARMACIST,KA-PHARM-2018-8021,Karnataka State Pharmacy Council,B.Pharm,MORNING,True,pharmaflow-main,SYNTHETIC_OPERATIONAL_RECORD
PHARM-HIST-0023,Raghavendra Rao,raghavendra.rao@pharmaflow.internal,+91 9887446468,STAFF_PHARMACIST,KA-PHARM-2018-8022,Karnataka State Pharmacy Council,B.Pharm,NIGHT,True,pharmaflow-main,SYNTHETIC_OPERATIONAL_RECORD
PHARM-HIST-0024,Kavita Acharya,kavita.acharya@pharmaflow.internal,+91 9817195288,STAFF_PHARMACIST,KA-PHARM-2018-8023,Karnataka State Pharmacy Council,B.Pharm,MORNING,True,pharmaflow-main,SYNTHETIC_OPERATIONAL_RECORD
