recallId,recallNoticeNumber,medicineId,medicineName,batchId,batchNumber,manufacturerId,recallDate,recallClass,reason,actionRequired,affectedUnits,recoveredUnits,status,authority,workspaceId,provenance
RCL-0001,CDSCO-NOTIF-2026-1000,MED-0001,Paracetamol 500mg,BATCH-0001,PCT101,MFG-0001,2026-08-29,CLASS_I_CRITICAL,Sub-potent active pharmaceutical ingredient (API) observed during stability audit,IMMEDIATE_QUARANTINE_AND_PATIENT_SAFETY_NOTIFICATION,500,128,IN_RECALL_PROGRESS,Central Drugs Standard Control Organization (CDSCO),pharmaflow-main,PUBLIC_REGULATORY_RECORD
RCL-0002,CDSCO-NOTIF-2026-1001,MED-0004,Amoxicillin 500mg (Novamox),BATCH-0004,CTZ302,MFG-0004,2026-09-08,CLASS_I_CRITICAL,Particulate contamination reported in single batch production vial,IMMEDIATE_QUARANTINE_AND_PATIENT_SAFETY_NOTIFICATION,400,3,ACTIVE_NOTIFICATION,Central Drugs Standard Control Organization (CDSCO),pharmaflow-main,PUBLIC_REGULATORY_RECORD
RCL-0003,CDSCO-NOTIF-2026-1002,MED-0007,Levocetirizine 5mg (Levocet),BATCH-0007,LEV106,MFG-0007,2026-09-04,CLASS_III_TECHNICAL,Discoloration and altered dissolution profile under accelerated testing,IMMEDIATE_QUARANTINE_AND_PATIENT_SAFETY_NOTIFICATION,250,71,IN_RECALL_PROGRESS,Central Drugs Standard Control Organization (CDSCO),pharmaflow-main,PUBLIC_REGULATORY_RECORD
RCL-0004,CDSCO-NOTIF-2026-1003,MED-0010,Metformin 500mg (Glycomet 500),BATCH-0010,MET109,MFG-0010,2026-09-27,CLASS_I_CRITICAL,Packaging label misprint in dosage instructions by manufacturing unit,IMMEDIATE_QUARANTINE_AND_PATIENT_SAFETY_NOTIFICATION,200,20,ISOLATED_QUARANTINE,Central Drugs Standard Control Organization (CDSCO),pharmaflow-main,PUBLIC_REGULATORY_RECORD
RCL-0005,CDSCO-NOTIF-2026-1004,MED-0013,Pantoprazole + Domperidone (Pan-D),BATCH-0013,PAN112,MFG-0013,2026-08-29,CLASS_III_TECHNICAL,Trace solvent residue detected above permissible pharmacopoeia limit,IMMEDIATE_QUARANTINE_AND_PATIENT_SAFETY_NOTIFICATION,150,104,ACTIVE_NOTIFICATION,Central Drugs Standard Control Organization (CDSCO),pharmaflow-main,PUBLIC_REGULATORY_RECORD
RCL-0006,CDSCO-NOTIF-2026-1005,MED-0016,Telmisartan + Amlodipine (Telma-AM),BATCH-0016,TEL115,MFG-0016,2026-08-25,CLASS_I_CRITICAL,Regulatory gazette recall advisory issued by CDSCO / State Drug Controller,IMMEDIATE_QUARANTINE_AND_PATIENT_SAFETY_NOTIFICATION,100,26,ISOLATED_QUARANTINE,Central Drugs Standard Control Organization (CDSCO),pharmaflow-main,PUBLIC_REGULATORY_RECORD
RCL-0007,CDSCO-NOTIF-2026-1006,MED-0019,Ciprofloxacin 500mg (Ciplox 500),BATCH-0019,CIP118,MFG-0019,2026-09-29,CLASS_II_POTENTIAL_RISK,Sub-potent active pharmaceutical ingredient (API) observed during stability audit,IMMEDIATE_QUARANTINE_AND_PATIENT_SAFETY_NOTIFICATION,500,61,RESOLVED_CLOSED,Central Drugs Standard Control Organization (CDSCO),pharmaflow-main,PUBLIC_REGULATORY_RECORD
RCL-0008,CDSCO-NOTIF-2026-1007,MED-0022,Ibuprofen 400mg (Brufen 400),BATCH-0022,IBU121,MFG-0022,2026-09-23,CLASS_III_TECHNICAL,Particulate contamination reported in single batch production vial,IMMEDIATE_QUARANTINE_AND_PATIENT_SAFETY_NOTIFICATION,300,20,RESOLVED_CLOSED,Central Drugs Standard Control Organization (CDSCO),pharmaflow-main,PUBLIC_REGULATORY_RECORD
RCL-0009,CDSCO-NOTIF-2026-1008,MED-0025,Rabeprazole 20mg (Razo 20),BATCH-0025,RAB124,MFG-0025,2026-10-05,CLASS_I_CRITICAL,Discoloration and altered dissolution profile under accelerated testing,IMMEDIATE_QUARANTINE_AND_PATIENT_SAFETY_NOTIFICATION,100,2,IN_RECALL_PROGRESS,Central Drugs Standard Control Organization (CDSCO),pharmaflow-main,PUBLIC_REGULATORY_RECORD
RCL-0010,CDSCO-NOTIF-2026-1009,MED-0028,Multivitamin + Zinc (Becadexamin),BATCH-0028,MUL127,MFG-0028,2026-08-31,CLASS_III_TECHNICAL,Packaging label misprint in dosage instructions by manufacturing unit,IMMEDIATE_QUARANTINE_AND_PATIENT_SAFETY_NOTIFICATION,300,41,IN_RECALL_PROGRESS,Central Drugs Standard Control Organization (CDSCO),pharmaflow-main,PUBLIC_REGULATORY_RECORD
RCL-0011,CDSCO-NOTIF-2026-1010,MED-0031,Paracetamol 500mg (Formula 31),BATCH-0031,PAR130,MFG-0031,2026-08-27,CLASS_III_TECHNICAL,Trace solvent residue detected above permissible pharmacopoeia limit,IMMEDIATE_QUARANTINE_AND_PATIENT_SAFETY_NOTIFICATION,150,5,IN_RECALL_PROGRESS,Central Drugs Standard Control Organization (CDSCO),pharmaflow-main,PUBLIC_REGULATORY_RECORD
RCL-0012,CDSCO-NOTIF-2026-1011,MED-0034,Amoxicillin 500mg (Novamox) (Formula 34),BATCH-0034,AMO133,MFG-0034,2026-10-03,CLASS_I_CRITICAL,Regulatory gazette recall advisory issued by CDSCO / State Drug Controller,IMMEDIATE_QUARANTINE_AND_PATIENT_SAFETY_NOTIFICATION,250,66,IN_RECALL_PROGRESS,Central Drugs Standard Control Organization (CDSCO),pharmaflow-main,PUBLIC_REGULATORY_RECORD
RCL-0013,CDSCO-NOTIF-2026-1012,MED-0037,Levocetirizine 5mg (Levocet) (Formula 37),BATCH-0037,LEV136,MFG-0037,2026-09-03,CLASS_II_POTENTIAL_RISK,Sub-potent active pharmaceutical ingredient (API) observed during stability audit,IMMEDIATE_QUARANTINE_AND_PATIENT_SAFETY_NOTIFICATION,250,144,ACTIVE_NOTIFICATION,Central Drugs Standard Control Organization (CDSCO),pharmaflow-main,PUBLIC_REGULATORY_RECORD
RCL-0014,CDSCO-NOTIF-2026-1013,MED-0040,Metformin 500mg (Glycomet 500) (Formula 40),BATCH-0040,MET139,MFG-0040,2026-08-25,CLASS_II_POTENTIAL_RISK,Particulate contamination reported in single batch production vial,IMMEDIATE_QUARANTINE_AND_PATIENT_SAFETY_NOTIFICATION,100,60,ACTIVE_NOTIFICATION,Central Drugs Standard Control Organization (CDSCO),pharmaflow-main,PUBLIC_REGULATORY_RECORD
RCL-0015,CDSCO-NOTIF-2026-1014,MED-0043,Pantoprazole + Domperidone (Pan-D) (Formula 43),BATCH-0043,PAN142,MFG-0043,2026-09-23,CLASS_II_POTENTIAL_RISK,Discoloration and altered dissolution profile under accelerated testing,IMMEDIATE_QUARANTINE_AND_PATIENT_SAFETY_NOTIFICATION,100,38,RESOLVED_CLOSED,Central Drugs Standard Control Organization (CDSCO),pharmaflow-main,PUBLIC_REGULATORY_RECORD
RCL-0016,CDSCO-NOTIF-2026-1015,MED-0046,Telmisartan + Amlodipine (Telma-AM) (Formula 46),BATCH-0046,TEL145,MFG-0046,2026-09-06,CLASS_I_CRITICAL,Packaging label misprint in dosage instructions by manufacturing unit,IMMEDIATE_QUARANTINE_AND_PATIENT_SAFETY_NOTIFICATION,500,56,RESOLVED_CLOSED,Central Drugs Standard Control Organization (CDSCO),pharmaflow-main,PUBLIC_REGULATORY_RECORD
RCL-0017,CDSCO-NOTIF-2026-1016,MED-0049,Ciprofloxacin 500mg (Ciplox 500) (Formula 49),BATCH-0049,CIP148,MFG-0049,2026-08-29,CLASS_I_CRITICAL,Trace solvent residue detected above permissible pharmacopoeia limit,IMMEDIATE_QUARANTINE_AND_PATIENT_SAFETY_NOTIFICATION,100,23,ISOLATED_QUARANTINE,Central Drugs Standard Control Organization (CDSCO),pharmaflow-main,PUBLIC_REGULATORY_RECORD
RCL-0018,CDSCO-NOTIF-2026-1017,MED-0052,Ibuprofen 400mg (Brufen 400) (Formula 52),BATCH-0052,IBU151,MFG-0052,2026-09-26,CLASS_III_TECHNICAL,Regulatory gazette recall advisory issued by CDSCO / State Drug Controller,IMMEDIATE_QUARANTINE_AND_PATIENT_SAFETY_NOTIFICATION,300,87,RESOLVED_CLOSED,Central Drugs Standard Control Organization (CDSCO),pharmaflow-main,PUBLIC_REGULATORY_RECORD
RCL-0019,CDSCO-NOTIF-2026-1018,MED-0055,Rabeprazole 20mg (Razo 20) (Formula 55),BATCH-0055,RAB154,MFG-0055,2026-08-29,CLASS_III_TECHNICAL,Sub-potent active pharmaceutical ingredient (API) observed during stability audit,IMMEDIATE_QUARANTINE_AND_PATIENT_SAFETY_NOTIFICATION,250,17,IN_RECALL_PROGRESS,Central Drugs Standard Control Organization (CDSCO),pharmaflow-main,PUBLIC_REGULATORY_RECORD
RCL-0020,CDSCO-NOTIF-2026-1019,MED-0058,Multivitamin + Zinc (Becadexamin) (Formula 58),BATCH-0058,MUL157,MFG-0058,2026-09-12,CLASS_II_POTENTIAL_RISK,Particulate contamination reported in single batch production vial,IMMEDIATE_QUARANTINE_AND_PATIENT_SAFETY_NOTIFICATION,200,16,ACTIVE_NOTIFICATION,Central Drugs Standard Control Organization (CDSCO),pharmaflow-main,PUBLIC_REGULATORY_RECORD
RCL-0021,CDSCO-NOTIF-2026-1020,MED-0061,Paracetamol 500mg (Formula 61),BATCH-0061,PAR160,MFG-0061,2026-10-05,CLASS_I_CRITICAL,Discoloration and altered dissolution profile under accelerated testing,IMMEDIATE_QUARANTINE_AND_PATIENT_SAFETY_NOTIFICATION,250,4,RESOLVED_CLOSED,Central Drugs Standard Control Organization (CDSCO),pharmaflow-main,PUBLIC_REGULATORY_RECORD
RCL-0022,CDSCO-NOTIF-2026-1021,MED-0064,Amoxicillin 500mg (Novamox) (Formula 64),BATCH-0064,AMO163,MFG-0064,2026-09-27,CLASS_III_TECHNICAL,Packaging label misprint in dosage instructions by manufacturing unit,IMMEDIATE_QUARANTINE_AND_PATIENT_SAFETY_NOTIFICATION,500,24,IN_RECALL_PROGRESS,Central Drugs Standard Control Organization (CDSCO),pharmaflow-main,PUBLIC_REGULATORY_RECORD
RCL-0023,CDSCO-NOTIF-2026-1022,MED-0067,Levocetirizine 5mg (Levocet) (Formula 67),BATCH-0067,LEV166,MFG-0067,2026-09-06,CLASS_III_TECHNICAL,Trace solvent residue detected above permissible pharmacopoeia limit,IMMEDIATE_QUARANTINE_AND_PATIENT_SAFETY_NOTIFICATION,300,2,ACTIVE_NOTIFICATION,Central Drugs Standard Control Organization (CDSCO),pharmaflow-main,PUBLIC_REGULATORY_RECORD
RCL-0024,CDSCO-NOTIF-2026-1023,MED-0070,Metformin 500mg (Glycomet 500) (Formula 70),BATCH-0070,MET169,MFG-0070,2026-10-01,CLASS_II_POTENTIAL_RISK,Regulatory gazette recall advisory issued by CDSCO / State Drug Controller,IMMEDIATE_QUARANTINE_AND_PATIENT_SAFETY_NOTIFICATION,150,84,IN_RECALL_PROGRESS,Central Drugs Standard Control Organization (CDSCO),pharmaflow-main,PUBLIC_REGULATORY_RECORD
RCL-0025,CDSCO-NOTIF-2026-1024,MED-0073,Pantoprazole + Domperidone (Pan-D) (Formula 73),BATCH-0073,PAN172,MFG-0073,2026-08-29,CLASS_III_TECHNICAL,Sub-potent active pharmaceutical ingredient (API) observed during stability audit,IMMEDIATE_QUARANTINE_AND_PATIENT_SAFETY_NOTIFICATION,100,0,RESOLVED_CLOSED,Central Drugs Standard Control Organization (CDSCO),pharmaflow-main,PUBLIC_REGULATORY_RECORD
RCL-0026,CDSCO-NOTIF-2026-1025,MED-0076,Telmisartan + Amlodipine (Telma-AM) (Formula 76),BATCH-0076,TEL175,MFG-0076,2026-09-03,CLASS_II_POTENTIAL_RISK,Particulate contamination reported in single batch production vial,IMMEDIATE_QUARANTINE_AND_PATIENT_SAFETY_NOTIFICATION,500,23,ACTIVE_NOTIFICATION,Central Drugs Standard Control Organization (CDSCO),pharmaflow-main,PUBLIC_REGULATORY_RECORD
RCL-0027,CDSCO-NOTIF-2026-1026,MED-0079,Ciprofloxacin 500mg (Ciplox 500) (Formula 79),BATCH-0079,CIP178,MFG-0079,2026-09-03,CLASS_II_POTENTIAL_RISK,Discoloration and altered dissolution profile under accelerated testing,IMMEDIATE_QUARANTINE_AND_PATIENT_SAFETY_NOTIFICATION,150,29,RESOLVED_CLOSED,Central Drugs Standard Control Organization (CDSCO),pharmaflow-main,PUBLIC_REGULATORY_RECORD
RCL-0028,CDSCO-NOTIF-2026-1027,MED-0082,Ibuprofen 400mg (Brufen 400) (Formula 82),BATCH-0082,IBU181,MFG-0082,2026-09-12,CLASS_II_POTENTIAL_RISK,Packaging label misprint in dosage instructions by manufacturing unit,IMMEDIATE_QUARANTINE_AND_PATIENT_SAFETY_NOTIFICATION,150,75,ACTIVE_NOTIFICATION,Central Drugs Standard Control Organization (CDSCO),pharmaflow-main,PUBLIC_REGULATORY_RECORD
RCL-0029,CDSCO-NOTIF-2026-1028,MED-0085,Rabeprazole 20mg (Razo 20) (Formula 85),BATCH-0085,RAB184,MFG-0085,2026-09-09,CLASS_I_CRITICAL,Trace solvent residue detected above permissible pharmacopoeia limit,IMMEDIATE_QUARANTINE_AND_PATIENT_SAFETY_NOTIFICATION,500,16,RESOLVED_CLOSED,Central Drugs Standard Control Organization (CDSCO),pharmaflow-main,PUBLIC_REGULATORY_RECORD
RCL-0030,CDSCO-NOTIF-2026-1029,MED-0088,Multivitamin + Zinc (Becadexamin) (Formula 88),BATCH-0088,MUL187,MFG-0088,2026-09-22,CLASS_I_CRITICAL,Regulatory gazette recall advisory issued by CDSCO / State Drug Controller,IMMEDIATE_QUARANTINE_AND_PATIENT_SAFETY_NOTIFICATION,100,18,RESOLVED_CLOSED,Central Drugs Standard Control Organization (CDSCO),pharmaflow-main,PUBLIC_REGULATORY_RECORD
RCL-0031,CDSCO-NOTIF-2026-1030,MED-0091,Paracetamol 500mg (Formula 91),BATCH-0091,PAR190,MFG-0091,2026-09-20,CLASS_I_CRITICAL,Sub-potent active pharmaceutical ingredient (API) observed during stability audit,IMMEDIATE_QUARANTINE_AND_PATIENT_SAFETY_NOTIFICATION,250,0,ACTIVE_NOTIFICATION,Central Drugs Standard Control Organization (CDSCO),pharmaflow-main,SYNTHETIC_OPERATIONAL_RECORD
RCL-0032,CDSCO-NOTIF-2026-1031,MED-0094,Amoxicillin 500mg (Novamox) (Formula 94),BATCH-0094,AMO193,MFG-0094,2026-08-31,CLASS_III_TECHNICAL,Particulate contamination reported in single batch production vial,IMMEDIATE_QUARANTINE_AND_PATIENT_SAFETY_NOTIFICATION,400,3,ACTIVE_NOTIFICATION,Central Drugs Standard Control Organization (CDSCO),pharmaflow-main,SYNTHETIC_OPERATIONAL_RECORD
RCL-0033,CDSCO-NOTIF-2026-1032,MED-0097,Levocetirizine 5mg (Levocet) (Formula 97),BATCH-0097,LEV196,MFG-0097,2026-09-12,CLASS_III_TECHNICAL,Discoloration and altered dissolution profile under accelerated testing,IMMEDIATE_QUARANTINE_AND_PATIENT_SAFETY_NOTIFICATION,150,13,ISOLATED_QUARANTINE,Central Drugs Standard Control Organization (CDSCO),pharmaflow-main,SYNTHETIC_OPERATIONAL_RECORD
RCL-0034,CDSCO-NOTIF-2026-1033,MED-0100,Metformin 500mg (Glycomet 500) (Formula 100),BATCH-0100,MET199,MFG-0100,2026-09-10,CLASS_II_POTENTIAL_RISK,Packaging label misprint in dosage instructions by manufacturing unit,IMMEDIATE_QUARANTINE_AND_PATIENT_SAFETY_NOTIFICATION,200,13,IN_RECALL_PROGRESS,Central Drugs Standard Control Organization (CDSCO),pharmaflow-main,SYNTHETIC_OPERATIONAL_RECORD
RCL-0035,CDSCO-NOTIF-2026-1034,MED-0103,Pantoprazole + Domperidone (Pan-D) (Formula 103),BATCH-0103,PAN202,MFG-0103,2026-09-09,CLASS_III_TECHNICAL,Trace solvent residue detected above permissible pharmacopoeia limit,IMMEDIATE_QUARANTINE_AND_PATIENT_SAFETY_NOTIFICATION,100,16,ISOLATED_QUARANTINE,Central Drugs Standard Control Organization (CDSCO),pharmaflow-main,SYNTHETIC_OPERATIONAL_RECORD
RCL-0036,CDSCO-NOTIF-2026-1035,MED-0106,Telmisartan + Amlodipine (Telma-AM) (Formula 106),BATCH-0106,TEL205,MFG-0106,2026-09-02,CLASS_II_POTENTIAL_RISK,Regulatory gazette recall advisory issued by CDSCO / State Drug Controller,IMMEDIATE_QUARANTINE_AND_PATIENT_SAFETY_NOTIFICATION,250,72,ISOLATED_QUARANTINE,Central Drugs Standard Control Organization (CDSCO),pharmaflow-main,SYNTHETIC_OPERATIONAL_RECORD
RCL-0037,CDSCO-NOTIF-2026-1036,MED-0109,Ciprofloxacin 500mg (Ciplox 500) (Formula 109),BATCH-0109,CIP208,MFG-0109,2026-08-28,CLASS_II_POTENTIAL_RISK,Sub-potent active pharmaceutical ingredient (API) observed during stability audit,IMMEDIATE_QUARANTINE_AND_PATIENT_SAFETY_NOTIFICATION,500,101,IN_RECALL_PROGRESS,Central Drugs Standard Control Organization (CDSCO),pharmaflow-main,SYNTHETIC_OPERATIONAL_RECORD
RCL-0038,CDSCO-NOTIF-2026-1037,MED-0112,Ibuprofen 400mg (Brufen 400) (Formula 112),BATCH-0112,IBU211,MFG-0112,2026-09-10,CLASS_III_TECHNICAL,Particulate contamination reported in single batch production vial,IMMEDIATE_QUARANTINE_AND_PATIENT_SAFETY_NOTIFICATION,100,35,RESOLVED_CLOSED,Central Drugs Standard Control Organization (CDSCO),pharmaflow-main,SYNTHETIC_OPERATIONAL_RECORD
RCL-0039,CDSCO-NOTIF-2026-1038,MED-0115,Rabeprazole 20mg (Razo 20) (Formula 115),BATCH-0115,RAB214,MFG-0115,2026-09-25,CLASS_II_POTENTIAL_RISK,Discoloration and altered dissolution profile under accelerated testing,IMMEDIATE_QUARANTINE_AND_PATIENT_SAFETY_NOTIFICATION,400,286,RESOLVED_CLOSED,Central Drugs Standard Control Organization (CDSCO),pharmaflow-main,SYNTHETIC_OPERATIONAL_RECORD
RCL-0040,CDSCO-NOTIF-2026-1039,MED-0040,Metformin 500mg (Glycomet 500) (Formula 40),BATCH-0040,MET139,MFG-0040,2026-09-20,CLASS_II_POTENTIAL_RISK,Packaging label misprint in dosage instructions by manufacturing unit,IMMEDIATE_QUARANTINE_AND_PATIENT_SAFETY_NOTIFICATION,100,36,ISOLATED_QUARANTINE,Central Drugs Standard Control Organization (CDSCO),pharmaflow-main,SYNTHETIC_OPERATIONAL_RECORD
RCL-0041,CDSCO-NOTIF-2026-1040,MED-0041,Metformin 1000mg SR (Glucophage) (Formula 41),BATCH-0041,MET140,MFG-0041,2026-09-11,CLASS_III_TECHNICAL,Trace solvent residue detected above permissible pharmacopoeia limit,IMMEDIATE_QUARANTINE_AND_PATIENT_SAFETY_NOTIFICATION,400,17,ACTIVE_NOTIFICATION,Central Drugs Standard Control Organization (CDSCO),pharmaflow-main,SYNTHETIC_OPERATIONAL_RECORD
RCL-0042,CDSCO-NOTIF-2026-1041,MED-0042,Pantoprazole 40mg (Pan 40) (Formula 42),BATCH-0042,PAN141,MFG-0042,2026-09-22,CLASS_II_POTENTIAL_RISK,Regulatory gazette recall advisory issued by CDSCO / State Drug Controller,IMMEDIATE_QUARANTINE_AND_PATIENT_SAFETY_NOTIFICATION,500,10,ACTIVE_NOTIFICATION,Central Drugs Standard Control Organization (CDSCO),pharmaflow-main,SYNTHETIC_OPERATIONAL_RECORD
RCL-0043,CDSCO-NOTIF-2026-1042,MED-0043,Pantoprazole + Domperidone (Pan-D) (Formula 43),BATCH-0043,PAN142,MFG-0043,2026-09-23,CLASS_III_TECHNICAL,Sub-potent active pharmaceutical ingredient (API) observed during stability audit,IMMEDIATE_QUARANTINE_AND_PATIENT_SAFETY_NOTIFICATION,100,25,ISOLATED_QUARANTINE,Central Drugs Standard Control Organization (CDSCO),pharmaflow-main,SYNTHETIC_OPERATIONAL_RECORD
RCL-0044,CDSCO-NOTIF-2026-1043,MED-0044,Omeprazole 20mg (Omez) (Formula 44),BATCH-0044,OME143,MFG-0044,2026-09-01,CLASS_III_TECHNICAL,Particulate contamination reported in single batch production vial,IMMEDIATE_QUARANTINE_AND_PATIENT_SAFETY_NOTIFICATION,300,26,IN_RECALL_PROGRESS,Central Drugs Standard Control Organization (CDSCO),pharmaflow-main,SYNTHETIC_OPERATIONAL_RECORD
RCL-0045,CDSCO-NOTIF-2026-1044,MED-0045,Telmisartan 40mg (Telma 40) (Formula 45),BATCH-0045,TEL144,MFG-0045,2026-09-12,CLASS_III_TECHNICAL,Discoloration and altered dissolution profile under accelerated testing,IMMEDIATE_QUARANTINE_AND_PATIENT_SAFETY_NOTIFICATION,500,2,ACTIVE_NOTIFICATION,Central Drugs Standard Control Organization (CDSCO),pharmaflow-main,SYNTHETIC_OPERATIONAL_RECORD
RCL-0046,CDSCO-NOTIF-2026-1045,MED-0046,Telmisartan + Amlodipine (Telma-AM) (Formula 46),BATCH-0046,TEL145,MFG-0046,2026-09-27,CLASS_II_POTENTIAL_RISK,Packaging label misprint in dosage instructions by manufacturing unit,IMMEDIATE_QUARANTINE_AND_PATIENT_SAFETY_NOTIFICATION,500,237,RESOLVED_CLOSED,Central Drugs Standard Control Organization (CDSCO),pharmaflow-main,SYNTHETIC_OPERATIONAL_RECORD
RCL-0047,CDSCO-NOTIF-2026-1046,MED-0047,Atorvastatin 10mg (Atorva 10) (Formula 47),BATCH-0047,ATO146,MFG-0047,2026-10-01,CLASS_I_CRITICAL,Trace solvent residue detected above permissible pharmacopoeia limit,IMMEDIATE_QUARANTINE_AND_PATIENT_SAFETY_NOTIFICATION,150,33,IN_RECALL_PROGRESS,Central Drugs Standard Control Organization (CDSCO),pharmaflow-main,SYNTHETIC_OPERATIONAL_RECORD
RCL-0048,CDSCO-NOTIF-2026-1047,MED-0048,Rosuvastatin 10mg (Rosuvas 10) (Formula 48),BATCH-0048,ROS147,MFG-0048,2026-09-13,CLASS_I_CRITICAL,Regulatory gazette recall advisory issued by CDSCO / State Drug Controller,IMMEDIATE_QUARANTINE_AND_PATIENT_SAFETY_NOTIFICATION,500,4,RESOLVED_CLOSED,Central Drugs Standard Control Organization (CDSCO),pharmaflow-main,SYNTHETIC_OPERATIONAL_RECORD
RCL-0049,CDSCO-NOTIF-2026-1048,MED-0049,Ciprofloxacin 500mg (Ciplox 500) (Formula 49),BATCH-0049,CIP148,MFG-0049,2026-09-11,CLASS_III_TECHNICAL,Sub-potent active pharmaceutical ingredient (API) observed during stability audit,IMMEDIATE_QUARANTINE_AND_PATIENT_SAFETY_NOTIFICATION,100,66,ISOLATED_QUARANTINE,Central Drugs Standard Control Organization (CDSCO),pharmaflow-main,SYNTHETIC_OPERATIONAL_RECORD
RCL-0050,CDSCO-NOTIF-2026-1049,MED-0050,Ofloxacin + Ornidazole (O2) (Formula 50),BATCH-0050,OFL149,MFG-0050,2026-08-29,CLASS_I_CRITICAL,Particulate contamination reported in single batch production vial,IMMEDIATE_QUARANTINE_AND_PATIENT_SAFETY_NOTIFICATION,150,24,IN_RECALL_PROGRESS,Central Drugs Standard Control Organization (CDSCO),pharmaflow-main,SYNTHETIC_OPERATIONAL_RECORD
RCL-0051,CDSCO-NOTIF-2026-1050,MED-0051,Montelukast + Levocetirizine (Montair-LC) (Formula 51),BATCH-0051,MON150,MFG-0051,2026-08-27,CLASS_II_POTENTIAL_RISK,Discoloration and altered dissolution profile under accelerated testing,IMMEDIATE_QUARANTINE_AND_PATIENT_SAFETY_NOTIFICATION,400,28,ACTIVE_NOTIFICATION,Central Drugs Standard Control Organization (CDSCO),pharmaflow-main,SYNTHETIC_OPERATIONAL_RECORD
RCL-0052,CDSCO-NOTIF-2026-1051,MED-0052,Ibuprofen 400mg (Brufen 400) (Formula 52),BATCH-0052,IBU151,MFG-0052,2026-09-24,CLASS_III_TECHNICAL,Packaging label misprint in dosage instructions by manufacturing unit,IMMEDIATE_QUARANTINE_AND_PATIENT_SAFETY_NOTIFICATION,300,132,ISOLATED_QUARANTINE,Central Drugs Standard Control Organization (CDSCO),pharmaflow-main,SYNTHETIC_OPERATIONAL_RECORD
RCL-0053,CDSCO-NOTIF-2026-1052,MED-0053,Aceclofenac + Paracetamol (Zerodol-P) (Formula 53),BATCH-0053,ACE152,MFG-0053,2026-09-24,CLASS_I_CRITICAL,Trace solvent residue detected above permissible pharmacopoeia limit,IMMEDIATE_QUARANTINE_AND_PATIENT_SAFETY_NOTIFICATION,100,50,IN_RECALL_PROGRESS,Central Drugs Standard Control Organization (CDSCO),pharmaflow-main,SYNTHETIC_OPERATIONAL_RECORD
RCL-0054,CDSCO-NOTIF-2026-1053,MED-0054,Vildagliptin + Metformin (Galvus Met) (Formula 54),BATCH-0054,VIL153,MFG-0054,2026-08-28,CLASS_I_CRITICAL,Regulatory gazette recall advisory issued by CDSCO / State Drug Controller,IMMEDIATE_QUARANTINE_AND_PATIENT_SAFETY_NOTIFICATION,100,2,ISOLATED_QUARANTINE,Central Drugs Standard Control Organization (CDSCO),pharmaflow-main,SYNTHETIC_OPERATIONAL_RECORD
RCL-0055,CDSCO-NOTIF-2026-1054,MED-0055,Rabeprazole 20mg (Razo 20) (Formula 55),BATCH-0055,RAB154,MFG-0055,2026-09-21,CLASS_III_TECHNICAL,Sub-potent active pharmaceutical ingredient (API) observed during stability audit,IMMEDIATE_QUARANTINE_AND_PATIENT_SAFETY_NOTIFICATION,250,0,IN_RECALL_PROGRESS,Central Drugs Standard Control Organization (CDSCO),pharmaflow-main,SYNTHETIC_OPERATIONAL_RECORD
RCL-0056,CDSCO-NOTIF-2026-1055,MED-0056,Cough Syrup (Ascoril-D) (Formula 56),BATCH-0056,COU155,MFG-0056,2026-10-01,CLASS_II_POTENTIAL_RISK,Particulate contamination reported in single batch production vial,IMMEDIATE_QUARANTINE_AND_PATIENT_SAFETY_NOTIFICATION,250,12,ISOLATED_QUARANTINE,Central Drugs Standard Control Organization (CDSCO),pharmaflow-main,SYNTHETIC_OPERATIONAL_RECORD
RCL-0057,CDSCO-NOTIF-2026-1056,MED-0057,Oral Rehydration Salts (Electral ORS) (Formula 57),BATCH-0057,ORA156,MFG-0057,2026-08-25,CLASS_II_POTENTIAL_RISK,Discoloration and altered dissolution profile under accelerated testing,IMMEDIATE_QUARANTINE_AND_PATIENT_SAFETY_NOTIFICATION,100,25,IN_RECALL_PROGRESS,Central Drugs Standard Control Organization (CDSCO),pharmaflow-main,SYNTHETIC_OPERATIONAL_RECORD
RCL-0058,CDSCO-NOTIF-2026-1057,MED-0058,Multivitamin + Zinc (Becadexamin) (Formula 58),BATCH-0058,MUL157,MFG-0058,2026-09-03,CLASS_I_CRITICAL,Packaging label misprint in dosage instructions by manufacturing unit,IMMEDIATE_QUARANTINE_AND_PATIENT_SAFETY_NOTIFICATION,200,94,ACTIVE_NOTIFICATION,Central Drugs Standard Control Organization (CDSCO),pharmaflow-main,SYNTHETIC_OPERATIONAL_RECORD
RCL-0059,CDSCO-NOTIF-2026-1058,MED-0059,Thyroxine Sodium 50mcg (Thyronorm 50) (Formula 59),BATCH-0059,THY158,MFG-0059,2026-10-01,CLASS_III_TECHNICAL,Trace solvent residue detected above permissible pharmacopoeia limit,IMMEDIATE_QUARANTINE_AND_PATIENT_SAFETY_NOTIFICATION,200,36,ISOLATED_QUARANTINE,Central Drugs Standard Control Organization (CDSCO),pharmaflow-main,SYNTHETIC_OPERATIONAL_RECORD
RCL-0060,CDSCO-NOTIF-2026-1059,MED-0060,Clopidogrel 75mg (Clopilet 75) (Formula 60),BATCH-0060,CLO159,MFG-0060,2026-09-14,CLASS_II_POTENTIAL_RISK,Regulatory gazette recall advisory issued by CDSCO / State Drug Controller,IMMEDIATE_QUARANTINE_AND_PATIENT_SAFETY_NOTIFICATION,300,57,IN_RECALL_PROGRESS,Central Drugs Standard Control Organization (CDSCO),pharmaflow-main,SYNTHETIC_OPERATIONAL_RECORD
RCL-0061,CDSCO-NOTIF-2026-1060,MED-0061,Paracetamol 500mg (Formula 61),BATCH-0061,PAR160,MFG-0061,2026-09-07,CLASS_II_POTENTIAL_RISK,Sub-potent active pharmaceutical ingredient (API) observed during stability audit,IMMEDIATE_QUARANTINE_AND_PATIENT_SAFETY_NOTIFICATION,250,4,ACTIVE_NOTIFICATION,Central Drugs Standard Control Organization (CDSCO),pharmaflow-main,SYNTHETIC_OPERATIONAL_RECORD
RCL-0062,CDSCO-NOTIF-2026-1061,MED-0062,Paracetamol 650mg (Dolo 650) (Formula 62),BATCH-0062,PAR161,MFG-0062,2026-09-20,CLASS_I_CRITICAL,Particulate contamination reported in single batch production vial,IMMEDIATE_QUARANTINE_AND_PATIENT_SAFETY_NOTIFICATION,100,52,ACTIVE_NOTIFICATION,Central Drugs Standard Control Organization (CDSCO),pharmaflow-main,SYNTHETIC_OPERATIONAL_RECORD
RCL-0063,CDSCO-NOTIF-2026-1062,MED-0063,Vitamin D3 60K (Calcirol) (Formula 63),BATCH-0063,VIT162,MFG-0063,2026-09-01,CLASS_I_CRITICAL,Discoloration and altered dissolution profile under accelerated testing,IMMEDIATE_QUARANTINE_AND_PATIENT_SAFETY_NOTIFICATION,150,16,ISOLATED_QUARANTINE,Central Drugs Standard Control Organization (CDSCO),pharmaflow-main,SYNTHETIC_OPERATIONAL_RECORD
RCL-0064,CDSCO-NOTIF-2026-1063,MED-0064,Amoxicillin 500mg (Novamox) (Formula 64),BATCH-0064,AMO163,MFG-0064,2026-09-15,CLASS_I_CRITICAL,Packaging label misprint in dosage instructions by manufacturing unit,IMMEDIATE_QUARANTINE_AND_PATIENT_SAFETY_NOTIFICATION,500,205,ISOLATED_QUARANTINE,Central Drugs Standard Control Organization (CDSCO),pharmaflow-main,SYNTHETIC_OPERATIONAL_RECORD
RCL-0065,CDSCO-NOTIF-2026-1064,MED-0065,Amoxicillin + Clavulanic Acid 625mg (Augmentin) (Formula 65),BATCH-0065,AMO164,MFG-0065,2026-09-02,CLASS_III_TECHNICAL,Trace solvent residue detected above permissible pharmacopoeia limit,IMMEDIATE_QUARANTINE_AND_PATIENT_SAFETY_NOTIFICATION,500,64,RESOLVED_CLOSED,Central Drugs Standard Control Organization (CDSCO),pharmaflow-main,SYNTHETIC_OPERATIONAL_RECORD
RCL-0066,CDSCO-NOTIF-2026-1065,MED-0066,Cetirizine 10mg (Cetzine) (Formula 66),BATCH-0066,CET165,MFG-0066,2026-09-12,CLASS_III_TECHNICAL,Regulatory gazette recall advisory issued by CDSCO / State Drug Controller,IMMEDIATE_QUARANTINE_AND_PATIENT_SAFETY_NOTIFICATION,500,61,IN_RECALL_PROGRESS,Central Drugs Standard Control Organization (CDSCO),pharmaflow-main,SYNTHETIC_OPERATIONAL_RECORD
RCL-0067,CDSCO-NOTIF-2026-1066,MED-0067,Levocetirizine 5mg (Levocet) (Formula 67),BATCH-0067,LEV166,MFG-0067,2026-09-15,CLASS_II_POTENTIAL_RISK,Sub-potent active pharmaceutical ingredient (API) observed during stability audit,IMMEDIATE_QUARANTINE_AND_PATIENT_SAFETY_NOTIFICATION,300,29,ACTIVE_NOTIFICATION,Central Drugs Standard Control Organization (CDSCO),pharmaflow-main,SYNTHETIC_OPERATIONAL_RECORD
RCL-0068,CDSCO-NOTIF-2026-1067,MED-0068,Azithromycin 250mg (Azee 250) (Formula 68),BATCH-0068,AZI167,MFG-0068,2026-09-06,CLASS_I_CRITICAL,Particulate contamination reported in single batch production vial,IMMEDIATE_QUARANTINE_AND_PATIENT_SAFETY_NOTIFICATION,300,33,ACTIVE_NOTIFICATION,Central Drugs Standard Control Organization (CDSCO),pharmaflow-main,SYNTHETIC_OPERATIONAL_RECORD
RCL-0069,CDSCO-NOTIF-2026-1068,MED-0069,Azithromycin 500mg (Azithral 500) (Formula 69),BATCH-0069,AZI168,MFG-0069,2026-09-12,CLASS_III_TECHNICAL,Discoloration and altered dissolution profile under accelerated testing,IMMEDIATE_QUARANTINE_AND_PATIENT_SAFETY_NOTIFICATION,150,100,IN_RECALL_PROGRESS,Central Drugs Standard Control Organization (CDSCO),pharmaflow-main,SYNTHETIC_OPERATIONAL_RECORD
RCL-0070,CDSCO-NOTIF-2026-1069,MED-0070,Metformin 500mg (Glycomet 500) (Formula 70),BATCH-0070,MET169,MFG-0070,2026-08-24,CLASS_III_TECHNICAL,Packaging label misprint in dosage instructions by manufacturing unit,IMMEDIATE_QUARANTINE_AND_PATIENT_SAFETY_NOTIFICATION,150,29,ISOLATED_QUARANTINE,Central Drugs Standard Control Organization (CDSCO),pharmaflow-main,SYNTHETIC_OPERATIONAL_RECORD
RCL-0071,CDSCO-NOTIF-2026-1070,MED-0071,Metformin 1000mg SR (Glucophage) (Formula 71),BATCH-0071,MET170,MFG-0071,2026-09-10,CLASS_II_POTENTIAL_RISK,Trace solvent residue detected above permissible pharmacopoeia limit,IMMEDIATE_QUARANTINE_AND_PATIENT_SAFETY_NOTIFICATION,500,132,ACTIVE_NOTIFICATION,Central Drugs Standard Control Organization (CDSCO),pharmaflow-main,SYNTHETIC_OPERATIONAL_RECORD
RCL-0072,CDSCO-NOTIF-2026-1071,MED-0072,Pantoprazole 40mg (Pan 40) (Formula 72),BATCH-0072,PAN171,MFG-0072,2026-09-20,CLASS_I_CRITICAL,Regulatory gazette recall advisory issued by CDSCO / State Drug Controller,IMMEDIATE_QUARANTINE_AND_PATIENT_SAFETY_NOTIFICATION,500,73,ACTIVE_NOTIFICATION,Central Drugs Standard Control Organization (CDSCO),pharmaflow-main,SYNTHETIC_OPERATIONAL_RECORD
RCL-0073,CDSCO-NOTIF-2026-1072,MED-0073,Pantoprazole + Domperidone (Pan-D) (Formula 73),BATCH-0073,PAN172,MFG-0073,2026-09-11,CLASS_III_TECHNICAL,Sub-potent active pharmaceutical ingredient (API) observed during stability audit,IMMEDIATE_QUARANTINE_AND_PATIENT_SAFETY_NOTIFICATION,100,47,ISOLATED_QUARANTINE,Central Drugs Standard Control Organization (CDSCO),pharmaflow-main,SYNTHETIC_OPERATIONAL_RECORD
RCL-0074,CDSCO-NOTIF-2026-1073,MED-0074,Omeprazole 20mg (Omez) (Formula 74),BATCH-0074,OME173,MFG-0074,2026-10-02,CLASS_III_TECHNICAL,Particulate contamination reported in single batch production vial,IMMEDIATE_QUARANTINE_AND_PATIENT_SAFETY_NOTIFICATION,300,238,IN_RECALL_PROGRESS,Central Drugs Standard Control Organization (CDSCO),pharmaflow-main,SYNTHETIC_OPERATIONAL_RECORD
RCL-0075,CDSCO-NOTIF-2026-1074,MED-0075,Telmisartan 40mg (Telma 40) (Formula 75),BATCH-0075,TEL174,MFG-0075,2026-09-06,CLASS_II_POTENTIAL_RISK,Discoloration and altered dissolution profile under accelerated testing,IMMEDIATE_QUARANTINE_AND_PATIENT_SAFETY_NOTIFICATION,500,45,IN_RECALL_PROGRESS,Central Drugs Standard Control Organization (CDSCO),pharmaflow-main,SYNTHETIC_OPERATIONAL_RECORD
RCL-0076,CDSCO-NOTIF-2026-1075,MED-0076,Telmisartan + Amlodipine (Telma-AM) (Formula 76),BATCH-0076,TEL175,MFG-0076,2026-08-31,CLASS_II_POTENTIAL_RISK,Packaging label misprint in dosage instructions by manufacturing unit,IMMEDIATE_QUARANTINE_AND_PATIENT_SAFETY_NOTIFICATION,500,11,IN_RECALL_PROGRESS,Central Drugs Standard Control Organization (CDSCO),pharmaflow-main,SYNTHETIC_OPERATIONAL_RECORD
RCL-0077,CDSCO-NOTIF-2026-1076,MED-0077,Atorvastatin 10mg (Atorva 10) (Formula 77),BATCH-0077,ATO176,MFG-0077,2026-09-05,CLASS_III_TECHNICAL,Trace solvent residue detected above permissible pharmacopoeia limit,IMMEDIATE_QUARANTINE_AND_PATIENT_SAFETY_NOTIFICATION,150,12,IN_RECALL_PROGRESS,Central Drugs Standard Control Organization (CDSCO),pharmaflow-main,SYNTHETIC_OPERATIONAL_RECORD
RCL-0078,CDSCO-NOTIF-2026-1077,MED-0078,Rosuvastatin 10mg (Rosuvas 10) (Formula 78),BATCH-0078,ROS177,MFG-0078,2026-09-21,CLASS_II_POTENTIAL_RISK,Regulatory gazette recall advisory issued by CDSCO / State Drug Controller,IMMEDIATE_QUARANTINE_AND_PATIENT_SAFETY_NOTIFICATION,100,13,IN_RECALL_PROGRESS,Central Drugs Standard Control Organization (CDSCO),pharmaflow-main,SYNTHETIC_OPERATIONAL_RECORD
RCL-0079,CDSCO-NOTIF-2026-1078,MED-0079,Ciprofloxacin 500mg (Ciplox 500) (Formula 79),BATCH-0079,CIP178,MFG-0079,2026-09-24,CLASS_I_CRITICAL,Sub-potent active pharmaceutical ingredient (API) observed during stability audit,IMMEDIATE_QUARANTINE_AND_PATIENT_SAFETY_NOTIFICATION,150,79,ISOLATED_QUARANTINE,Central Drugs Standard Control Organization (CDSCO),pharmaflow-main,SYNTHETIC_OPERATIONAL_RECORD
RCL-0080,CDSCO-NOTIF-2026-1079,MED-0080,Ofloxacin + Ornidazole (O2) (Formula 80),BATCH-0080,OFL179,MFG-0080,2026-09-27,CLASS_I_CRITICAL,Particulate contamination reported in single batch production vial,IMMEDIATE_QUARANTINE_AND_PATIENT_SAFETY_NOTIFICATION,200,30,ACTIVE_NOTIFICATION,Central Drugs Standard Control Organization (CDSCO),pharmaflow-main,SYNTHETIC_OPERATIONAL_RECORD
RCL-0081,CDSCO-NOTIF-2026-1080,MED-0081,Montelukast + Levocetirizine (Montair-LC) (Formula 81),BATCH-0081,MON180,MFG-0081,2026-08-24,CLASS_III_TECHNICAL,Discoloration and altered dissolution profile under accelerated testing,IMMEDIATE_QUARANTINE_AND_PATIENT_SAFETY_NOTIFICATION,100,63,ACTIVE_NOTIFICATION,Central Drugs Standard Control Organization (CDSCO),pharmaflow-main,SYNTHETIC_OPERATIONAL_RECORD
RCL-0082,CDSCO-NOTIF-2026-1081,MED-0082,Ibuprofen 400mg (Brufen 400) (Formula 82),BATCH-0082,IBU181,MFG-0082,2026-09-02,CLASS_I_CRITICAL,Packaging label misprint in dosage instructions by manufacturing unit,IMMEDIATE_QUARANTINE_AND_PATIENT_SAFETY_NOTIFICATION,150,108,RESOLVED_CLOSED,Central Drugs Standard Control Organization (CDSCO),pharmaflow-main,SYNTHETIC_OPERATIONAL_RECORD
RCL-0083,CDSCO-NOTIF-2026-1082,MED-0083,Aceclofenac + Paracetamol (Zerodol-P) (Formula 83),BATCH-0083,ACE182,MFG-0083,2026-09-13,CLASS_III_TECHNICAL,Trace solvent residue detected above permissible pharmacopoeia limit,IMMEDIATE_QUARANTINE_AND_PATIENT_SAFETY_NOTIFICATION,100,20,RESOLVED_CLOSED,Central Drugs Standard Control Organization (CDSCO),pharmaflow-main,SYNTHETIC_OPERATIONAL_RECORD
RCL-0084,CDSCO-NOTIF-2026-1083,MED-0084,Vildagliptin + Metformin (Galvus Met) (Formula 84),BATCH-0084,VIL183,MFG-0084,2026-08-31,CLASS_II_POTENTIAL_RISK,Regulatory gazette recall advisory issued by CDSCO / State Drug Controller,IMMEDIATE_QUARANTINE_AND_PATIENT_SAFETY_NOTIFICATION,500,251,IN_RECALL_PROGRESS,Central Drugs Standard Control Organization (CDSCO),pharmaflow-main,SYNTHETIC_OPERATIONAL_RECORD
RCL-0085,CDSCO-NOTIF-2026-1084,MED-0085,Rabeprazole 20mg (Razo 20) (Formula 85),BATCH-0085,RAB184,MFG-0085,2026-09-04,CLASS_II_POTENTIAL_RISK,Sub-potent active pharmaceutical ingredient (API) observed during stability audit,IMMEDIATE_QUARANTINE_AND_PATIENT_SAFETY_NOTIFICATION,500,25,IN_RECALL_PROGRESS,Central Drugs Standard Control Organization (CDSCO),pharmaflow-main,SYNTHETIC_OPERATIONAL_RECORD
RCL-0086,CDSCO-NOTIF-2026-1085,MED-0086,Cough Syrup (Ascoril-D) (Formula 86),BATCH-0086,COU185,MFG-0086,2026-08-31,CLASS_I_CRITICAL,Particulate contamination reported in single batch production vial,IMMEDIATE_QUARANTINE_AND_PATIENT_SAFETY_NOTIFICATION,100,3,RESOLVED_CLOSED,Central Drugs Standard Control Organization (CDSCO),pharmaflow-main,SYNTHETIC_OPERATIONAL_RECORD
RCL-0087,CDSCO-NOTIF-2026-1086,MED-0087,Oral Rehydration Salts (Electral ORS) (Formula 87),BATCH-0087,ORA186,MFG-0087,2026-09-06,CLASS_III_TECHNICAL,Discoloration and altered dissolution profile under accelerated testing,IMMEDIATE_QUARANTINE_AND_PATIENT_SAFETY_NOTIFICATION,150,4,ISOLATED_QUARANTINE,Central Drugs Standard Control Organization (CDSCO),pharmaflow-main,SYNTHETIC_OPERATIONAL_RECORD
RCL-0088,CDSCO-NOTIF-2026-1087,MED-0088,Multivitamin + Zinc (Becadexamin) (Formula 88),BATCH-0088,MUL187,MFG-0088,2026-09-11,CLASS_III_TECHNICAL,Packaging label misprint in dosage instructions by manufacturing unit,IMMEDIATE_QUARANTINE_AND_PATIENT_SAFETY_NOTIFICATION,100,11,RESOLVED_CLOSED,Central Drugs Standard Control Organization (CDSCO),pharmaflow-main,SYNTHETIC_OPERATIONAL_RECORD
RCL-0089,CDSCO-NOTIF-2026-1088,MED-0089,Thyroxine Sodium 50mcg (Thyronorm 50) (Formula 89),BATCH-0089,THY188,MFG-0089,2026-09-29,CLASS_III_TECHNICAL,Trace solvent residue detected above permissible pharmacopoeia limit,IMMEDIATE_QUARANTINE_AND_PATIENT_SAFETY_NOTIFICATION,100,33,RESOLVED_CLOSED,Central Drugs Standard Control Organization (CDSCO),pharmaflow-main,SYNTHETIC_OPERATIONAL_RECORD
RCL-0090,CDSCO-NOTIF-2026-1089,MED-0090,Clopidogrel 75mg (Clopilet 75) (Formula 90),BATCH-0090,CLO189,MFG-0090,2026-09-16,CLASS_III_TECHNICAL,Regulatory gazette recall advisory issued by CDSCO / State Drug Controller,IMMEDIATE_QUARANTINE_AND_PATIENT_SAFETY_NOTIFICATION,150,1,ACTIVE_NOTIFICATION,Central Drugs Standard Control Organization (CDSCO),pharmaflow-main,SYNTHETIC_OPERATIONAL_RECORD
RCL-0091,CDSCO-NOTIF-2026-1090,MED-0091,Paracetamol 500mg (Formula 91),BATCH-0091,PAR190,MFG-0091,2026-08-24,CLASS_I_CRITICAL,Sub-potent active pharmaceutical ingredient (API) observed during stability audit,IMMEDIATE_QUARANTINE_AND_PATIENT_SAFETY_NOTIFICATION,250,48,ACTIVE_NOTIFICATION,Central Drugs Standard Control Organization (CDSCO),pharmaflow-main,SYNTHETIC_OPERATIONAL_RECORD
RCL-0092,CDSCO-NOTIF-2026-1091,MED-0092,Paracetamol 650mg (Dolo 650) (Formula 92),BATCH-0092,PAR191,MFG-0092,2026-09-16,CLASS_II_POTENTIAL_RISK,Particulate contamination reported in single batch production vial,IMMEDIATE_QUARANTINE_AND_PATIENT_SAFETY_NOTIFICATION,400,78,ISOLATED_QUARANTINE,Central Drugs Standard Control Organization (CDSCO),pharmaflow-main,SYNTHETIC_OPERATIONAL_RECORD
RCL-0093,CDSCO-NOTIF-2026-1092,MED-0093,Vitamin D3 60K (Calcirol) (Formula 93),BATCH-0093,VIT192,MFG-0093,2026-09-25,CLASS_III_TECHNICAL,Discoloration and altered dissolution profile under accelerated testing,IMMEDIATE_QUARANTINE_AND_PATIENT_SAFETY_NOTIFICATION,150,33,IN_RECALL_PROGRESS,Central Drugs Standard Control Organization (CDSCO),pharmaflow-main,SYNTHETIC_OPERATIONAL_RECORD
RCL-0094,CDSCO-NOTIF-2026-1093,MED-0094,Amoxicillin 500mg (Novamox) (Formula 94),BATCH-0094,AMO193,MFG-0094,2026-09-19,CLASS_II_POTENTIAL_RISK,Packaging label misprint in dosage instructions by manufacturing unit,IMMEDIATE_QUARANTINE_AND_PATIENT_SAFETY_NOTIFICATION,400,19,ISOLATED_QUARANTINE,Central Drugs Standard Control Organization (CDSCO),pharmaflow-main,SYNTHETIC_OPERATIONAL_RECORD
RCL-0095,CDSCO-NOTIF-2026-1094,MED-0095,Amoxicillin + Clavulanic Acid 625mg (Augmentin) (Formula 95),BATCH-0095,AMO194,MFG-0095,2026-09-13,CLASS_I_CRITICAL,Trace solvent residue detected above permissible pharmacopoeia limit,IMMEDIATE_QUARANTINE_AND_PATIENT_SAFETY_NOTIFICATION,150,127,RESOLVED_CLOSED,Central Drugs Standard Control Organization (CDSCO),pharmaflow-main,SYNTHETIC_OPERATIONAL_RECORD
RCL-0096,CDSCO-NOTIF-2026-1095,MED-0096,Cetirizine 10mg (Cetzine) (Formula 96),BATCH-0096,CET195,MFG-0096,2026-09-23,CLASS_II_POTENTIAL_RISK,Regulatory gazette recall advisory issued by CDSCO / State Drug Controller,IMMEDIATE_QUARANTINE_AND_PATIENT_SAFETY_NOTIFICATION,500,47,ISOLATED_QUARANTINE,Central Drugs Standard Control Organization (CDSCO),pharmaflow-main,SYNTHETIC_OPERATIONAL_RECORD
RCL-0097,CDSCO-NOTIF-2026-1096,MED-0097,Levocetirizine 5mg (Levocet) (Formula 97),BATCH-0097,LEV196,MFG-0097,2026-09-11,CLASS_II_POTENTIAL_RISK,Sub-potent active pharmaceutical ingredient (API) observed during stability audit,IMMEDIATE_QUARANTINE_AND_PATIENT_SAFETY_NOTIFICATION,150,28,IN_RECALL_PROGRESS,Central Drugs Standard Control Organization (CDSCO),pharmaflow-main,SYNTHETIC_OPERATIONAL_RECORD
RCL-0098,CDSCO-NOTIF-2026-1097,MED-0098,Azithromycin 250mg (Azee 250) (Formula 98),BATCH-0098,AZI197,MFG-0098,2026-08-31,CLASS_I_CRITICAL,Particulate contamination reported in single batch production vial,IMMEDIATE_QUARANTINE_AND_PATIENT_SAFETY_NOTIFICATION,400,73,IN_RECALL_PROGRESS,Central Drugs Standard Control Organization (CDSCO),pharmaflow-main,SYNTHETIC_OPERATIONAL_RECORD
RCL-0099,CDSCO-NOTIF-2026-1098,MED-0099,Azithromycin 500mg (Azithral 500) (Formula 99),BATCH-0099,AZI198,MFG-0099,2026-09-30,CLASS_III_TECHNICAL,Discoloration and altered dissolution profile under accelerated testing,IMMEDIATE_QUARANTINE_AND_PATIENT_SAFETY_NOTIFICATION,150,17,IN_RECALL_PROGRESS,Central Drugs Standard Control Organization (CDSCO),pharmaflow-main,SYNTHETIC_OPERATIONAL_RECORD
RCL-0100,CDSCO-NOTIF-2026-1099,MED-0100,Metformin 500mg (Glycomet 500) (Formula 100),BATCH-0100,MET199,MFG-0100,2026-09-01,CLASS_II_POTENTIAL_RISK,Packaging label misprint in dosage instructions by manufacturing unit,IMMEDIATE_QUARANTINE_AND_PATIENT_SAFETY_NOTIFICATION,200,48,IN_RECALL_PROGRESS,Central Drugs Standard Control Organization (CDSCO),pharmaflow-main,SYNTHETIC_OPERATIONAL_RECORD
RCL-0101,CDSCO-NOTIF-2026-1100,MED-0101,Metformin 1000mg SR (Glucophage) (Formula 101),BATCH-0101,MET200,MFG-0101,2026-09-27,CLASS_III_TECHNICAL,Trace solvent residue detected above permissible pharmacopoeia limit,IMMEDIATE_QUARANTINE_AND_PATIENT_SAFETY_NOTIFICATION,100,9,RESOLVED_CLOSED,Central Drugs Standard Control Organization (CDSCO),pharmaflow-main,SYNTHETIC_OPERATIONAL_RECORD
RCL-0102,CDSCO-NOTIF-2026-1101,MED-0102,Pantoprazole 40mg (Pan 40) (Formula 102),BATCH-0102,PAN201,MFG-0102,2026-10-06,CLASS_I_CRITICAL,Regulatory gazette recall advisory issued by CDSCO / State Drug Controller,IMMEDIATE_QUARANTINE_AND_PATIENT_SAFETY_NOTIFICATION,200,107,RESOLVED_CLOSED,Central Drugs Standard Control Organization (CDSCO),pharmaflow-main,SYNTHETIC_OPERATIONAL_RECORD
RCL-0103,CDSCO-NOTIF-2026-1102,MED-0103,Pantoprazole + Domperidone (Pan-D) (Formula 103),BATCH-0103,PAN202,MFG-0103,2026-09-28,CLASS_III_TECHNICAL,Sub-potent active pharmaceutical ingredient (API) observed during stability audit,IMMEDIATE_QUARANTINE_AND_PATIENT_SAFETY_NOTIFICATION,100,33,ISOLATED_QUARANTINE,Central Drugs Standard Control Organization (CDSCO),pharmaflow-main,SYNTHETIC_OPERATIONAL_RECORD
RCL-0104,CDSCO-NOTIF-2026-1103,MED-0104,Omeprazole 20mg (Omez) (Formula 104),BATCH-0104,OME203,MFG-0104,2026-09-05,CLASS_II_POTENTIAL_RISK,Particulate contamination reported in single batch production vial,IMMEDIATE_QUARANTINE_AND_PATIENT_SAFETY_NOTIFICATION,400,128,ACTIVE_NOTIFICATION,Central Drugs Standard Control Organization (CDSCO),pharmaflow-main,SYNTHETIC_OPERATIONAL_RECORD
RCL-0105,CDSCO-NOTIF-2026-1104,MED-0105,Telmisartan 40mg (Telma 40) (Formula 105),BATCH-0105,TEL204,MFG-0105,2026-09-11,CLASS_I_CRITICAL,Discoloration and altered dissolution profile under accelerated testing,IMMEDIATE_QUARANTINE_AND_PATIENT_SAFETY_NOTIFICATION,250,10,ACTIVE_NOTIFICATION,Central Drugs Standard Control Organization (CDSCO),pharmaflow-main,SYNTHETIC_OPERATIONAL_RECORD
RCL-0106,CDSCO-NOTIF-2026-1105,MED-0106,Telmisartan + Amlodipine (Telma-AM) (Formula 106),BATCH-0106,TEL205,MFG-0106,2026-09-23,CLASS_II_POTENTIAL_RISK,Packaging label misprint in dosage instructions by manufacturing unit,IMMEDIATE_QUARANTINE_AND_PATIENT_SAFETY_NOTIFICATION,250,60,ACTIVE_NOTIFICATION,Central Drugs Standard Control Organization (CDSCO),pharmaflow-main,SYNTHETIC_OPERATIONAL_RECORD
RCL-0107,CDSCO-NOTIF-2026-1106,MED-0107,Atorvastatin 10mg (Atorva 10) (Formula 107),BATCH-0107,ATO206,MFG-0107,2026-09-08,CLASS_III_TECHNICAL,Trace solvent residue detected above permissible pharmacopoeia limit,IMMEDIATE_QUARANTINE_AND_PATIENT_SAFETY_NOTIFICATION,300,42,ISOLATED_QUARANTINE,Central Drugs Standard Control Organization (CDSCO),pharmaflow-main,SYNTHETIC_OPERATIONAL_RECORD
RCL-0108,CDSCO-NOTIF-2026-1107,MED-0108,Rosuvastatin 10mg (Rosuvas 10) (Formula 108),BATCH-0108,ROS207,MFG-0108,2026-09-13,CLASS_II_POTENTIAL_RISK,Regulatory gazette recall advisory issued by CDSCO / State Drug Controller,IMMEDIATE_QUARANTINE_AND_PATIENT_SAFETY_NOTIFICATION,500,35,ISOLATED_QUARANTINE,Central Drugs Standard Control Organization (CDSCO),pharmaflow-main,SYNTHETIC_OPERATIONAL_RECORD
RCL-0109,CDSCO-NOTIF-2026-1108,MED-0109,Ciprofloxacin 500mg (Ciplox 500) (Formula 109),BATCH-0109,CIP208,MFG-0109,2026-09-14,CLASS_I_CRITICAL,Sub-potent active pharmaceutical ingredient (API) observed during stability audit,IMMEDIATE_QUARANTINE_AND_PATIENT_SAFETY_NOTIFICATION,500,105,ACTIVE_NOTIFICATION,Central Drugs Standard Control Organization (CDSCO),pharmaflow-main,SYNTHETIC_OPERATIONAL_RECORD
RCL-0110,CDSCO-NOTIF-2026-1109,MED-0110,Ofloxacin + Ornidazole (O2) (Formula 110),BATCH-0110,OFL209,MFG-0110,2026-09-14,CLASS_III_TECHNICAL,Particulate contamination reported in single batch production vial,IMMEDIATE_QUARANTINE_AND_PATIENT_SAFETY_NOTIFICATION,250,155,IN_RECALL_PROGRESS,Central Drugs Standard Control Organization (CDSCO),pharmaflow-main,SYNTHETIC_OPERATIONAL_RECORD
RCL-0111,CDSCO-NOTIF-2026-1110,MED-0111,Montelukast + Levocetirizine (Montair-LC) (Formula 111),BATCH-0111,MON210,MFG-0111,2026-08-31,CLASS_III_TECHNICAL,Discoloration and altered dissolution profile under accelerated testing,IMMEDIATE_QUARANTINE_AND_PATIENT_SAFETY_NOTIFICATION,100,34,IN_RECALL_PROGRESS,Central Drugs Standard Control Organization (CDSCO),pharmaflow-main,SYNTHETIC_OPERATIONAL_RECORD
RCL-0112,CDSCO-NOTIF-2026-1111,MED-0112,Ibuprofen 400mg (Brufen 400) (Formula 112),BATCH-0112,IBU211,MFG-0112,2026-09-18,CLASS_II_POTENTIAL_RISK,Packaging label misprint in dosage instructions by manufacturing unit,IMMEDIATE_QUARANTINE_AND_PATIENT_SAFETY_NOTIFICATION,100,20,RESOLVED_CLOSED,Central Drugs Standard Control Organization (CDSCO),pharmaflow-main,SYNTHETIC_OPERATIONAL_RECORD
RCL-0113,CDSCO-NOTIF-2026-1112,MED-0113,Aceclofenac + Paracetamol (Zerodol-P) (Formula 113),BATCH-0113,ACE212,MFG-0113,2026-09-08,CLASS_I_CRITICAL,Trace solvent residue detected above permissible pharmacopoeia limit,IMMEDIATE_QUARANTINE_AND_PATIENT_SAFETY_NOTIFICATION,150,48,ISOLATED_QUARANTINE,Central Drugs Standard Control Organization (CDSCO),pharmaflow-main,SYNTHETIC_OPERATIONAL_RECORD
RCL-0114,CDSCO-NOTIF-2026-1113,MED-0114,Vildagliptin + Metformin (Galvus Met) (Formula 114),BATCH-0114,VIL213,MFG-0114,2026-09-07,CLASS_III_TECHNICAL,Regulatory gazette recall advisory issued by CDSCO / State Drug Controller,IMMEDIATE_QUARANTINE_AND_PATIENT_SAFETY_NOTIFICATION,200,4,IN_RECALL_PROGRESS,Central Drugs Standard Control Organization (CDSCO),pharmaflow-main,SYNTHETIC_OPERATIONAL_RECORD
RCL-0115,CDSCO-NOTIF-2026-1114,MED-0115,Rabeprazole 20mg (Razo 20) (Formula 115),BATCH-0115,RAB214,MFG-0115,2026-08-27,CLASS_II_POTENTIAL_RISK,Sub-potent active pharmaceutical ingredient (API) observed during stability audit,IMMEDIATE_QUARANTINE_AND_PATIENT_SAFETY_NOTIFICATION,400,215,RESOLVED_CLOSED,Central Drugs Standard Control Organization (CDSCO),pharmaflow-main,SYNTHETIC_OPERATIONAL_RECORD
