sourceId,sourceName,sourceUrl,sourceCategory,dataType,retrievedDate,termsAccess,workspaceId,provenance
SRC-CDSCO-01,Central Drugs Standard Control Organization (CDSCO) Public Drug Gazette,https://cdsco.gov.in/opencms/opencms/en/Drugs/Approved-Drugs/,government_regulatory,REGULATORY_APPROVALS,2026-09-15T08:30:00Z,Public Government Gazette Data under MoHFW,pharmaflow-main,PUBLIC_REGULATORY_RECORD
SRC-NPPA-02,National Pharmaceutical Pricing Authority (NPPA / DPCO),https://www.nppaindia.nic.in/en/utilities/ceiling-price-list/,government_pricing,CEILING_PRICES_MRP,2026-09-18T10:15:00Z,Official DPCO Ceiling Price Schedules,pharmaflow-main,PUBLIC_REAL
SRC-NLEM-03,National List of Essential Medicines (NLEM) 2022-2024,https://main.mohfw.gov.in/sites/default/files/NLEM_2022_final.pdf,essential_medicines,FORMULARY_GUIDELINES,2026-09-20T11:00:00Z,MoHFW Essential Drug Formulary,pharmaflow-main,PUBLIC_REGULATORY_RECORD
SRC-TNMSC-04,Tamil Nadu Medical Services Corporation (TNMSC) Public Drug Formulary,https://www.tnmsc.tn.gov.in/public-drug-list,state_government_procurement,HOSPITAL_SUPPLY_SPECIFICATIONS,2026-09-22T09:45:00Z,State Public Procurement Standards,pharmaflow-main,PUBLIC_REAL
SRC-APOLLO-05,Apollo Pharmacy Retail & Catalog Directory,https://www.apollopharmacy.in/store-locator,retail_pharmacy_network,RETAIL_BARCODES_PACKAGING,2026-09-25T14:20:00Z,Public Storefront & OTC Catalog Index,pharmaflow-main,PUBLIC_REFERENCE
SRC-MEDPLUS-06,MedPlus Health Services Store Index,https://www.medplusmart.com/storeLocator,retail_pharmacy_network,LOCATION_LICENSING_STANDARDS,2026-09-26T15:10:00Z,Public Retail Pharmacy Locator,pharmaflow-main,PUBLIC_REFERENCE
SRC-1MG-07,Tata 1mg Public Medicine Reference Index,https://www.1mg.com/drugs-all-classes,licensed_epharmacy,DRUG_COMPOSITION_DOSAGE,2026-09-28T16:00:00Z,Public Drug Index & OTC Formulary,pharmaflow-main,PUBLIC_REFERENCE
SRC-NETMEDS-08,Netmeds Public Medicine Catalog,https://www.netmeds.com/prescriptions,licensed_epharmacy,BRAND_GENERIC_MAPPINGS,2026-09-29T12:30:00Z,Public Digital Catalog Listing,pharmaflow-main,PUBLIC_REFERENCE
SRC-RGGGH-09,Rajiv Gandhi Government General Hospital Chennai Pharmacy Formulary,http://www.mmc.ac.in/rgggh/pharmacy-services,public_hospital,INSTITUTIONAL_DISPENSING_PATTERNS,2026-10-01T09:00:00Z,Public Hospital Formulary Guidelines,pharmaflow-main,PUBLIC_REAL
SRC-CMC-10,Christian Medical College (CMC) Vellore Pharmacy Services,https://www.cmch-vellore.edu/pharmacy,institutional_hospital_network,FEFO_CLINICAL_PROTOCOLS,2026-10-02T10:45:00Z,Institutional Academic Guidelines,pharmaflow-main,PUBLIC_REAL
SRC-AIIMS-11,All India Institute of Medical Sciences (AIIMS) New Delhi Drug Formulary,https://www.aiims.edu/en/departments-and-centers/pharmacy,national_apex_hospital,CRITICAL_CARE_FORMULARY,2026-10-03T11:15:00Z,National Apex Medical Formulary,pharmaflow-main,PUBLIC_REAL
SRC-IPC-12,Indian Pharmacopoeia Commission (IPC) National Formulary of India,https://ipc.gov.in/national-formulary-of-india.html,pharmacopoeia_standards,PHARMACOPOEIA_MONOGRAPHS,2026-10-04T13:00:00Z,National Standards for Quality and Purity,pharmaflow-main,PUBLIC_REGULATORY_RECORD
