supplierId,supplierName,contactPerson,email,phone,address,gstin,drugLicense,paymentTerms,leadTimeDays,rating,workspaceId,provenance
SUPP-001,MediSource Distributors Pvt. Ltd.,Manager MediSource,orders@medisourcedi.in,+91 80 4279 7906,"Plot #10, Pharma Wholesale Complex, Peenya Industrial Area, Bengaluru - 560058",29AAACB1000C1Z1,KA-BLR-DL-W-2020-4000,NET_30_DAYS,5,EXCELLENT,pharmaflow-main,SYNTHETIC_OPERATIONAL_RECORD
SUPP-002,ABC Pharma Wholesale Syndicate,Manager ABC,orders@abcpharmawho.in,+91 80 5852 1317,"Plot #11, Pharma Wholesale Complex, Peenya Industrial Area, Bengaluru - 560058",29AAACB1001C1Z2,KA-BLR-DL-W-2021-4001,NET_30_DAYS,10,EXCELLENT,pharmaflow-main,SYNTHETIC_OPERATIONAL_RECORD
SUPP-003,HealthCare Labs Logistics,Manager HealthCare,orders@healthcarela.in,+91 80 9798 6733,"Plot #12, Pharma Wholesale Complex, Peenya Industrial Area, Bengaluru - 560058",29AAACB1002C1Z3,KA-BLR-DL-W-2022-4002,NET_30_DAYS,3,EXCELLENT,pharmaflow-main,SYNTHETIC_OPERATIONAL_RECORD
SUPP-004,Nova Pharma Distribution Network,Manager Nova,orders@novapharmadi.in,+91 80 8399 1659,"Plot #13, Pharma Wholesale Complex, Peenya Industrial Area, Bengaluru - 560058",29AAACB1003C1Z4,KA-BLR-DL-W-2023-4003,NET_30_DAYS,2,GOOD,pharmaflow-main,SYNTHETIC_OPERATIONAL_RECORD
SUPP-005,Southern Apollo Regional Depot,Manager Southern,orders@southernapol.in,+91 80 3633 1333,"Plot #14, Pharma Wholesale Complex, Peenya Industrial Area, Bengaluru - 560058",29AAACB1004C1Z5,KA-BLR-DL-W-2024-4004,NET_30_DAYS,10,GOOD,pharmaflow-main,SYNTHETIC_OPERATIONAL_RECORD
SUPP-006,MedPlus Central Warehouse,Manager MedPlus,orders@medpluscentr.in,+91 80 3954 3068,"Plot #15, Pharma Wholesale Complex, Peenya Industrial Area, Bengaluru - 560058",29AAACB1005C1Z6,KA-BLR-DL-W-2025-4005,NET_30_DAYS,7,EXCELLENT,pharmaflow-main,SYNTHETIC_OPERATIONAL_RECORD
SUPP-007,Karnataka State Pharma Hub,Manager Karnataka,orders@karnatakasta.in,+91 80 6620 4571,"Plot #16, Pharma Wholesale Complex, Peenya Industrial Area, Bengaluru - 560058",29AAACB1006C1Z7,KA-BLR-DL-W-2020-4006,NET_30_DAYS,7,VERIFIED,pharmaflow-main,SYNTHETIC_OPERATIONAL_RECORD
SUPP-008,Apex Medical Agencies,Manager Apex,orders@apexmedicala.in,+91 80 8282 7043,"Plot #17, Pharma Wholesale Complex, Peenya Industrial Area, Bengaluru - 560058",29AAACB1007C1Z8,KA-BLR-DL-W-2021-4007,NET_30_DAYS,3,EXCELLENT,pharmaflow-main,SYNTHETIC_OPERATIONAL_RECORD
SUPP-009,Sri Balaji Pharmaceuticals,Manager Sri,orders@sribalajipha.in,+91 80 8371 3683,"Plot #18, Pharma Wholesale Complex, Peenya Industrial Area, Bengaluru - 560058",29AAACB1008C1Z9,KA-BLR-DL-W-2022-4008,NET_30_DAYS,5,EXCELLENT,pharmaflow-main,SYNTHETIC_OPERATIONAL_RECORD
SUPP-010,Vardhman Healthcare Wholesale,Manager Vardhman,orders@vardhmanheal.in,+91 80 6740 1420,"Plot #19, Pharma Wholesale Complex, Peenya Industrial Area, Bengaluru - 560058",29AAACB1009C1Z1,KA-BLR-DL-W-2023-4009,NET_30_DAYS,5,HIGH_RELIABILITY,pharmaflow-main,SYNTHETIC_OPERATIONAL_RECORD
SUPP-011,Zenith Pharma Logistics,Manager Zenith,orders@zenithpharma.in,+91 80 5249 4249,"Plot #20, Pharma Wholesale Complex, Peenya Industrial Area, Bengaluru - 560058",29AAACB1010C1Z2,KA-BLR-DL-W-2024-4010,NET_30_DAYS,2,GOOD,pharmaflow-main,SYNTHETIC_OPERATIONAL_RECORD
SUPP-012,City Pharma Distributors,Manager City,orders@citypharmadi.in,+91 80 2834 5941,"Plot #21, Pharma Wholesale Complex, Peenya Industrial Area, Bengaluru - 560058",29AAACB1011C1Z3,KA-BLR-DL-W-2025-4011,NET_30_DAYS,10,EXCELLENT,pharmaflow-main,SYNTHETIC_OPERATIONAL_RECORD
SUPP-013,Pioneer Drug House,Manager Pioneer,orders@pioneerdrugh.in,+91 80 8522 1672,"Plot #22, Pharma Wholesale Complex, Peenya Industrial Area, Bengaluru - 560058",29AAACB1012C1Z4,KA-BLR-DL-W-2020-4012,NET_30_DAYS,5,HIGH_RELIABILITY,pharmaflow-main,SYNTHETIC_OPERATIONAL_RECORD
SUPP-014,Sai Pharma Agencies,Manager Sai,orders@saipharmaage.in,+91 80 7419 7071,"Plot #23, Pharma Wholesale Complex, Peenya Industrial Area, Bengaluru - 560058",29AAACB1013C1Z5,KA-BLR-DL-W-2021-4013,NET_30_DAYS,2,VERIFIED,pharmaflow-main,SYNTHETIC_OPERATIONAL_RECORD
SUPP-015,Premier Medical Supplies,Manager Premier,orders@premiermedic.in,+91 80 2103 7882,"Plot #24, Pharma Wholesale Complex, Peenya Industrial Area, Bengaluru - 560058",29AAACB1014C1Z6,KA-BLR-DL-W-2022-4014,NET_30_DAYS,7,EXCELLENT,pharmaflow-main,SYNTHETIC_OPERATIONAL_RECORD
SUPP-016,Universal Drug Distributors,Manager Universal,orders@universaldru.in,+91 80 5551 6934,"Plot #25, Pharma Wholesale Complex, Peenya Industrial Area, Bengaluru - 560058",29AAACB1015C1Z7,KA-BLR-DL-W-2023-4015,NET_30_DAYS,7,GOOD,pharmaflow-main,SYNTHETIC_OPERATIONAL_RECORD
SUPP-017,Reliance Pharma Hub,Manager Reliance,orders@reliancephar.in,+91 80 5567 3885,"Plot #26, Pharma Wholesale Complex, Peenya Industrial Area, Bengaluru - 560058",29AAACB1016C1Z8,KA-BLR-DL-W-2024-4016,NET_30_DAYS,10,VERIFIED,pharmaflow-main,SYNTHETIC_OPERATIONAL_RECORD
SUPP-018,Metro Health Suppliers,Manager Metro,orders@metrohealths.in,+91 80 7045 9817,"Plot #27, Pharma Wholesale Complex, Peenya Industrial Area, Bengaluru - 560058",29AAACB1017C1Z9,KA-BLR-DL-W-2025-4017,NET_30_DAYS,7,HIGH_RELIABILITY,pharmaflow-main,SYNTHETIC_OPERATIONAL_RECORD
SUPP-019,Kaveri Pharma Distributors,Manager Kaveri,orders@kaveripharma.in,+91 80 5568 5397,"Plot #28, Pharma Wholesale Complex, Peenya Industrial Area, Bengaluru - 560058",29AAACB1018C1Z1,KA-BLR-DL-W-2020-4018,NET_30_DAYS,5,GOOD,pharmaflow-main,SYNTHETIC_OPERATIONAL_RECORD
SUPP-020,Sterling Drug House,Manager Sterling,orders@sterlingdrug.in,+91 80 8805 2419,"Plot #29, Pharma Wholesale Complex, Peenya Industrial Area, Bengaluru - 560058",29AAACB1019C1Z2,KA-BLR-DL-W-2021-4019,NET_30_DAYS,5,HIGH_RELIABILITY,pharmaflow-main,SYNTHETIC_OPERATIONAL_RECORD
SUPP-021,Royal Pharma Syndicate,Manager Royal,orders@royalpharmas.in,+91 80 3997 8613,"Plot #30, Pharma Wholesale Complex, Peenya Industrial Area, Bengaluru - 560058",29AAACB1020C1Z3,KA-BLR-DL-W-2022-4020,NET_30_DAYS,10,HIGH_RELIABILITY,pharmaflow-main,SYNTHETIC_OPERATIONAL_RECORD
SUPP-022,National Healthcare Logistics,Manager National,orders@nationalheal.in,+91 80 4755 1470,"Plot #31, Pharma Wholesale Complex, Peenya Industrial Area, Bengaluru - 560058",29AAACB1021C1Z4,KA-BLR-DL-W-2023-4021,NET_30_DAYS,7,VERIFIED,pharmaflow-main,SYNTHETIC_OPERATIONAL_RECORD
SUPP-023,Om Sai Drug Distributors,Manager Om,orders@omsaidrugdis.in,+91 80 3489 8988,"Plot #32, Pharma Wholesale Complex, Peenya Industrial Area, Bengaluru - 560058",29AAACB1022C1Z5,KA-BLR-DL-W-2024-4022,NET_30_DAYS,3,VERIFIED,pharmaflow-main,SYNTHETIC_OPERATIONAL_RECORD
SUPP-024,Shree Ganesh Pharma Agency,Manager Shree,orders@shreeganeshp.in,+91 80 8535 5232,"Plot #33, Pharma Wholesale Complex, Peenya Industrial Area, Bengaluru - 560058",29AAACB1023C1Z6,KA-BLR-DL-W-2025-4023,NET_30_DAYS,5,VERIFIED,pharmaflow-main,SYNTHETIC_OPERATIONAL_RECORD
SUPP-025,Tamil Nadu Medical Depot,Manager Tamil,orders@tamilnadumed.in,+91 80 9211 5526,"Plot #34, Pharma Wholesale Complex, Peenya Industrial Area, Bengaluru - 560058",29AAACB1024C1Z7,KA-BLR-DL-W-2020-4024,NET_30_DAYS,10,EXCELLENT,pharmaflow-main,SYNTHETIC_OPERATIONAL_RECORD
SUPP-026,Bangalore Pharma Distribution,Manager Bangalore,orders@bangalorepha.in,+91 80 6232 4130,"Plot #35, Pharma Wholesale Complex, Peenya Industrial Area, Bengaluru - 560058",29AAACB1025C1Z8,KA-BLR-DL-W-2021-4025,NET_30_DAYS,2,GOOD,pharmaflow-main,SYNTHETIC_OPERATIONAL_RECORD
SUPP-027,Hyderabad Drug Syndicate,Manager Hyderabad,orders@hyderabaddru.in,+91 80 7898 7658,"Plot #36, Pharma Wholesale Complex, Peenya Industrial Area, Bengaluru - 560058",29AAACB1026C1Z9,KA-BLR-DL-W-2022-4026,NET_30_DAYS,7,GOOD,pharmaflow-main,SYNTHETIC_OPERATIONAL_RECORD
SUPP-028,Western Pharma Logistics,Manager Western,orders@westernpharm.in,+91 80 7657 8800,"Plot #37, Pharma Wholesale Complex, Peenya Industrial Area, Bengaluru - 560058",29AAACB1027C1Z1,KA-BLR-DL-W-2023-4027,NET_30_DAYS,7,HIGH_RELIABILITY,pharmaflow-main,SYNTHETIC_OPERATIONAL_RECORD
SUPP-029,Eastern Drug Supply Co.,Manager Eastern,orders@easterndrugs.in,+91 80 8495 1282,"Plot #38, Pharma Wholesale Complex, Peenya Industrial Area, Bengaluru - 560058",29AAACB1028C1Z2,KA-BLR-DL-W-2024-4028,NET_30_DAYS,2,VERIFIED,pharmaflow-main,SYNTHETIC_OPERATIONAL_RECORD
SUPP-030,Northern Health Wholesalers,Manager Northern,orders@northernheal.in,+91 80 3815 7625,"Plot #39, Pharma Wholesale Complex, Peenya Industrial Area, Bengaluru - 560058",29AAACB1029C1Z3,KA-BLR-DL-W-2025-4029,NET_30_DAYS,3,VERIFIED,pharmaflow-main,SYNTHETIC_OPERATIONAL_RECORD
SUPP-031,Central Medical Distributors,Manager Central,orders@centralmedic.in,+91 80 7439 7046,"Plot #40, Pharma Wholesale Complex, Peenya Industrial Area, Bengaluru - 560058",29AAACB1030C1Z4,KA-BLR-DL-W-2020-4030,NET_30_DAYS,7,VERIFIED,pharmaflow-main,SYNTHETIC_OPERATIONAL_RECORD
SUPP-032,Global Pharma Trade House,Manager Global,orders@globalpharma.in,+91 80 5485 6419,"Plot #41, Pharma Wholesale Complex, Peenya Industrial Area, Bengaluru - 560058",29AAACB1031C1Z5,KA-BLR-DL-W-2021-4031,NET_30_DAYS,5,HIGH_RELIABILITY,pharmaflow-main,SYNTHETIC_OPERATIONAL_RECORD
SUPP-033,Matrix Healthcare Supply,Manager Matrix,orders@matrixhealth.in,+91 80 4219 6023,"Plot #42, Pharma Wholesale Complex, Peenya Industrial Area, Bengaluru - 560058",29AAACB1032C1Z6,KA-BLR-DL-W-2022-4032,NET_30_DAYS,5,GOOD,pharmaflow-main,SYNTHETIC_OPERATIONAL_RECORD
SUPP-034,Jupiter Drug Agencies,Manager Jupiter,orders@jupiterdruga.in,+91 80 2988 4155,"Plot #43, Pharma Wholesale Complex, Peenya Industrial Area, Bengaluru - 560058",29AAACB1033C1Z7,KA-BLR-DL-W-2023-4033,NET_30_DAYS,5,EXCELLENT,pharmaflow-main,SYNTHETIC_OPERATIONAL_RECORD
SUPP-035,CarePoint Distribution Ltd.,Manager CarePoint,orders@carepointdis.in,+91 80 8085 9779,"Plot #44, Pharma Wholesale Complex, Peenya Industrial Area, Bengaluru - 560058",29AAACB1034C1Z8,KA-BLR-DL-W-2024-4034,NET_30_DAYS,3,GOOD,pharmaflow-main,SYNTHETIC_OPERATIONAL_RECORD
