returnId,debitNoteNumber,supplierId,supplierName,medicineId,medicineName,batchNumber,quantity,unitCost,creditAmount,returnReason,returnDate,status,initiatedByPharmacistId,workspaceId,provenance
RET-0001,DN-2026-5000,SUPP-001,MediSource Distributors Pvt. Ltd.,MED-0001,Paracetamol 500mg,PCT101,100,25.0,2500.0,DAMAGED_SEAL,2026-09-06,PENDING_PICKUP,PHARM-KA-2022-7212,pharmaflow-main,SYNTHETIC_OPERATIONAL_RECORD
RET-0002,DN-2026-5001,SUPP-002,ABC Pharma Wholesale Syndicate,MED-0002,Paracetamol 650mg (Dolo 650),VD102,40,34.5,1380.0,DAMAGED_SEAL,2026-08-20,CREDIT_NOTE_RECEIVED,PHARM-KA-2022-7212,pharmaflow-main,SYNTHETIC_OPERATIONAL_RECORD
RET-0003,DN-2026-5002,SUPP-003,HealthCare Labs Logistics,MED-0003,Vitamin D3 60K (Calcirol),AMX204,50,70.0,3500.0,EXPIRED_UNSOLD_STOCK,2026-09-12,PENDING_PICKUP,PHARM-KA-2022-7212,pharmaflow-main,SYNTHETIC_OPERATIONAL_RECORD
RET-0004,DN-2026-5003,SUPP-004,Nova Pharma Distribution Network,MED-0004,Amoxicillin 500mg (Novamox),CTZ302,100,102.5,10250.0,EXPIRED_UNSOLD_STOCK,2026-08-18,DISPATCHED_TO_SUPPLIER,PHARM-KA-2022-7212,pharmaflow-main,SYNTHETIC_OPERATIONAL_RECORD
RET-0005,DN-2026-5004,SUPP-005,Southern Apollo Regional Depot,MED-0005,Amoxicillin + Clavulanic Acid 625mg (Augmentin),DEMO-EXP-001,20,175.0,3500.0,NEAR_EXPIRY_SUPPLIER_RETURN,2026-09-05,SETTLED,PHARM-KA-2022-7212,pharmaflow-main,SYNTHETIC_OPERATIONAL_RECORD
RET-0006,DN-2026-5005,SUPP-006,MedPlus Central Warehouse,MED-0006,Cetirizine 10mg (Cetzine),DEMO-EXP-002,75,47.5,3562.5,DAMAGED_SEAL,2026-09-15,SETTLED,PHARM-KA-2022-7212,pharmaflow-main,SYNTHETIC_OPERATIONAL_RECORD
RET-0007,DN-2026-5006,SUPP-007,Karnataka State Pharma Hub,MED-0007,Levocetirizine 5mg (Levocet),LEV106,40,63.0,2520.0,REGULATORY_RECALLED_BATCH,2026-08-18,DISPATCHED_TO_SUPPLIER,PHARM-KA-2022-7212,pharmaflow-main,SYNTHETIC_OPERATIONAL_RECORD
RET-0008,DN-2026-5007,SUPP-008,Apex Medical Agencies,MED-0008,Azithromycin 250mg (Azee 250),AZI107,40,120.0,4800.0,EXPIRED_UNSOLD_STOCK,2026-08-27,PENDING_PICKUP,PHARM-KA-2022-7212,pharmaflow-main,SYNTHETIC_OPERATIONAL_RECORD
RET-0009,DN-2026-5008,SUPP-009,Sri Balaji Pharmaceuticals,MED-0009,Azithromycin 500mg (Azithral 500),AZI108,75,177.5,13312.5,DAMAGED_SEAL,2026-09-13,SETTLED,PHARM-KA-2022-7212,pharmaflow-main,SYNTHETIC_OPERATIONAL_RECORD
RET-0010,DN-2026-5009,SUPP-010,Vardhman Healthcare Wholesale,MED-0010,Metformin 500mg (Glycomet 500),MET109,40,50.0,2000.0,NEAR_EXPIRY_SUPPLIER_RETURN,2026-08-15,DISPATCHED_TO_SUPPLIER,PHARM-KA-2022-7212,pharmaflow-main,SYNTHETIC_OPERATIONAL_RECORD
RET-0011,DN-2026-5010,SUPP-011,Zenith Pharma Logistics,MED-0011,Metformin 1000mg SR (Glucophage),MET110,40,75.5,3020.0,NEAR_EXPIRY_SUPPLIER_RETURN,2026-09-02,PENDING_PICKUP,PHARM-KA-2022-7212,pharmaflow-main,SYNTHETIC_OPERATIONAL_RECORD
RET-0012,DN-2026-5011,SUPP-012,City Pharma Distributors,MED-0012,Pantoprazole 40mg (Pan 40),PAN111,20,95.0,1900.0,DAMAGED_SEAL,2026-09-15,PENDING_PICKUP,PHARM-KA-2022-7212,pharmaflow-main,SYNTHETIC_OPERATIONAL_RECORD
RET-0013,DN-2026-5012,SUPP-013,Pioneer Drug House,MED-0013,Pantoprazole + Domperidone (Pan-D),PAN112,75,157.5,11812.5,NEAR_EXPIRY_SUPPLIER_RETURN,2026-08-16,CREDIT_NOTE_RECEIVED,PHARM-KA-2022-7212,pharmaflow-main,SYNTHETIC_OPERATIONAL_RECORD
RET-0014,DN-2026-5013,SUPP-014,Sai Pharma Agencies,MED-0014,Omeprazole 20mg (Omez),OME113,40,77.0,3080.0,EXPIRED_UNSOLD_STOCK,2026-08-12,CREDIT_NOTE_RECEIVED,PHARM-KA-2022-7212,pharmaflow-main,SYNTHETIC_OPERATIONAL_RECORD
RET-0015,DN-2026-5014,SUPP-015,Premier Medical Supplies,MED-0015,Telmisartan 40mg (Telma 40),TEL114,75,98.0,7350.0,NEAR_EXPIRY_SUPPLIER_RETURN,2026-08-28,PENDING_PICKUP,PHARM-KA-2022-7212,pharmaflow-main,SYNTHETIC_OPERATIONAL_RECORD
RET-0016,DN-2026-5015,SUPP-016,Universal Drug Distributors,MED-0016,Telmisartan + Amlodipine (Telma-AM),TEL115,20,142.5,2850.0,NEAR_EXPIRY_SUPPLIER_RETURN,2026-09-15,CREDIT_NOTE_RECEIVED,PHARM-KA-2022-7212,pharmaflow-main,SYNTHETIC_OPERATIONAL_RECORD
RET-0017,DN-2026-5016,SUPP-017,Reliance Pharma Hub,MED-0017,Atorvastatin 10mg (Atorva 10),ATO116,20,115.0,2300.0,NEAR_EXPIRY_SUPPLIER_RETURN,2026-09-16,SETTLED,PHARM-KA-2022-7212,pharmaflow-main,SYNTHETIC_OPERATIONAL_RECORD
RET-0018,DN-2026-5017,SUPP-018,Metro Health Suppliers,MED-0018,Rosuvastatin 10mg (Rosuvas 10),ROS117,75,142.5,10687.5,REGULATORY_RECALLED_BATCH,2026-09-23,PENDING_PICKUP,PHARM-KA-2022-7212,pharmaflow-main,SYNTHETIC_OPERATIONAL_RECORD
RET-0019,DN-2026-5018,SUPP-019,Kaveri Pharma Distributors,MED-0019,Ciprofloxacin 500mg (Ciplox 500),CIP118,50,82.0,4100.0,EXPIRED_UNSOLD_STOCK,2026-09-19,PENDING_PICKUP,PHARM-KA-2022-7212,pharmaflow-main,SYNTHETIC_OPERATIONAL_RECORD
RET-0020,DN-2026-5019,SUPP-020,Sterling Drug House,MED-0020,Ofloxacin + Ornidazole (O2),OFL119,40,127.5,5100.0,EXPIRED_UNSOLD_STOCK,2026-09-20,CREDIT_NOTE_RECEIVED,PHARM-KA-2022-7212,pharmaflow-main,SYNTHETIC_OPERATIONAL_RECORD
RET-0021,DN-2026-5020,SUPP-021,Royal Pharma Syndicate,MED-0021,Montelukast + Levocetirizine (Montair-LC),MON120,20,173.0,3460.0,EXPIRED_UNSOLD_STOCK,2026-08-30,CREDIT_NOTE_RECEIVED,PHARM-KA-2022-7212,pharmaflow-main,SYNTHETIC_OPERATIONAL_RECORD
RET-0022,DN-2026-5021,SUPP-022,National Healthcare Logistics,MED-0022,Ibuprofen 400mg (Brufen 400),IBU121,20,28.0,560.0,DAMAGED_SEAL,2026-08-11,DISPATCHED_TO_SUPPLIER,PHARM-KA-2022-7212,pharmaflow-main,SYNTHETIC_OPERATIONAL_RECORD
RET-0023,DN-2026-5022,SUPP-023,Om Sai Drug Distributors,MED-0023,Aceclofenac + Paracetamol (Zerodol-P),ACE122,50,77.5,3875.0,REGULATORY_RECALLED_BATCH,2026-09-15,SETTLED,PHARM-KA-2022-7212,pharmaflow-main,SYNTHETIC_OPERATIONAL_RECORD
RET-0024,DN-2026-5023,SUPP-024,Shree Ganesh Pharma Agency,MED-0024,Vildagliptin + Metformin (Galvus Met),VIL123,75,245.0,18375.0,REGULATORY_RECALLED_BATCH,2026-08-11,SETTLED,PHARM-KA-2022-7212,pharmaflow-main,SYNTHETIC_OPERATIONAL_RECORD
RET-0025,DN-2026-5024,SUPP-025,Tamil Nadu Medical Depot,MED-0025,Rabeprazole 20mg (Razo 20),RAB124,50,119.5,5975.0,EXPIRED_UNSOLD_STOCK,2026-08-19,DISPATCHED_TO_SUPPLIER,PHARM-KA-2022-7212,pharmaflow-main,SYNTHETIC_OPERATIONAL_RECORD
RET-0026,DN-2026-5025,SUPP-026,Bangalore Pharma Distribution,MED-0026,Cough Syrup (Ascoril-D),COU125,75,98.0,7350.0,DAMAGED_SEAL,2026-09-02,PENDING_PICKUP,PHARM-KA-2022-7212,pharmaflow-main,SYNTHETIC_OPERATIONAL_RECORD
RET-0027,DN-2026-5026,SUPP-027,Hyderabad Drug Syndicate,MED-0027,Oral Rehydration Salts (Electral ORS),ORA126,20,30.5,610.0,REGULATORY_RECALLED_BATCH,2026-09-16,DISPATCHED_TO_SUPPLIER,PHARM-KA-2022-7212,pharmaflow-main,SYNTHETIC_OPERATIONAL_RECORD
RET-0028,DN-2026-5027,SUPP-028,Western Pharma Logistics,MED-0028,Multivitamin + Zinc (Becadexamin),MUL127,50,57.0,2850.0,EXPIRED_UNSOLD_STOCK,2026-08-17,CREDIT_NOTE_RECEIVED,PHARM-KA-2022-7212,pharmaflow-main,SYNTHETIC_OPERATIONAL_RECORD
RET-0029,DN-2026-5028,SUPP-029,Eastern Drug Supply Co.,MED-0029,Thyroxine Sodium 50mcg (Thyronorm 50),THY128,20,125.0,2500.0,NEAR_EXPIRY_SUPPLIER_RETURN,2026-09-23,PENDING_PICKUP,PHARM-KA-2022-7212,pharmaflow-main,SYNTHETIC_OPERATIONAL_RECORD
RET-0030,DN-2026-5029,SUPP-030,Northern Health Wholesalers,MED-0030,Clopidogrel 75mg (Clopilet 75),CLO129,50,132.5,6625.0,DAMAGED_SEAL,2026-08-24,DISPATCHED_TO_SUPPLIER,PHARM-KA-2022-7212,pharmaflow-main,SYNTHETIC_OPERATIONAL_RECORD
RET-0031,DN-2026-5030,SUPP-031,Central Medical Distributors,MED-0031,Paracetamol 500mg (Formula 31),PAR130,50,30.0,1500.0,EXPIRED_UNSOLD_STOCK,2026-09-06,DISPATCHED_TO_SUPPLIER,PHARM-KA-2022-7212,pharmaflow-main,SYNTHETIC_OPERATIONAL_RECORD
RET-0032,DN-2026-5031,SUPP-032,Global Pharma Trade House,MED-0032,Paracetamol 650mg (Dolo 650) (Formula 32),PAR131,100,39.5,3950.0,NEAR_EXPIRY_SUPPLIER_RETURN,2026-09-21,DISPATCHED_TO_SUPPLIER,PHARM-KA-2022-7212,pharmaflow-main,SYNTHETIC_OPERATIONAL_RECORD
RET-0033,DN-2026-5032,SUPP-033,Matrix Healthcare Supply,MED-0033,Vitamin D3 60K (Calcirol) (Formula 33),VIT132,20,75.0,1500.0,REGULATORY_RECALLED_BATCH,2026-09-25,SETTLED,PHARM-KA-2022-7212,pharmaflow-main,SYNTHETIC_OPERATIONAL_RECORD
RET-0034,DN-2026-5033,SUPP-034,Jupiter Drug Agencies,MED-0034,Amoxicillin 500mg (Novamox) (Formula 34),AMO133,40,107.5,4300.0,REGULATORY_RECALLED_BATCH,2026-09-17,SETTLED,PHARM-KA-2022-7212,pharmaflow-main,SYNTHETIC_OPERATIONAL_RECORD
RET-0035,DN-2026-5034,SUPP-035,CarePoint Distribution Ltd.,MED-0035,Amoxicillin + Clavulanic Acid 625mg (Augmentin) (Formula 35),AMO134,40,180.0,7200.0,DAMAGED_SEAL,2026-08-12,CREDIT_NOTE_RECEIVED,PHARM-KA-2022-7212,pharmaflow-main,SYNTHETIC_OPERATIONAL_RECORD
RET-0036,DN-2026-5035,SUPP-001,MediSource Distributors Pvt. Ltd.,MED-0036,Cetirizine 10mg (Cetzine) (Formula 36),CET135,75,35.0,2625.0,NEAR_EXPIRY_SUPPLIER_RETURN,2026-09-25,CREDIT_NOTE_RECEIVED,PHARM-KA-2022-7212,pharmaflow-main,SYNTHETIC_OPERATIONAL_RECORD
RET-0037,DN-2026-5036,SUPP-002,ABC Pharma Wholesale Syndicate,MED-0037,Levocetirizine 5mg (Levocet) (Formula 37),LEV136,20,50.5,1010.0,REGULATORY_RECALLED_BATCH,2026-10-03,SETTLED,PHARM-KA-2022-7212,pharmaflow-main,SYNTHETIC_OPERATIONAL_RECORD
RET-0038,DN-2026-5037,SUPP-003,HealthCare Labs Logistics,MED-0038,Azithromycin 250mg (Azee 250) (Formula 38),AZI137,20,125.0,2500.0,DAMAGED_SEAL,2026-08-29,CREDIT_NOTE_RECEIVED,PHARM-KA-2022-7212,pharmaflow-main,SYNTHETIC_OPERATIONAL_RECORD
RET-0039,DN-2026-5038,SUPP-004,Nova Pharma Distribution Network,MED-0039,Azithromycin 500mg (Azithral 500) (Formula 39),AZI138,40,182.5,7300.0,EXPIRED_UNSOLD_STOCK,2026-09-07,PENDING_PICKUP,PHARM-KA-2022-7212,pharmaflow-main,SYNTHETIC_OPERATIONAL_RECORD
RET-0040,DN-2026-5039,SUPP-005,Southern Apollo Regional Depot,MED-0040,Metformin 500mg (Glycomet 500) (Formula 40),MET139,100,55.0,5500.0,DAMAGED_SEAL,2026-08-24,CREDIT_NOTE_RECEIVED,PHARM-KA-2022-7212,pharmaflow-main,SYNTHETIC_OPERATIONAL_RECORD
RET-0041,DN-2026-5040,SUPP-006,MedPlus Central Warehouse,MED-0041,Metformin 1000mg SR (Glucophage) (Formula 41),MET140,50,80.5,4025.0,DAMAGED_SEAL,2026-08-31,CREDIT_NOTE_RECEIVED,PHARM-KA-2022-7212,pharmaflow-main,SYNTHETIC_OPERATIONAL_RECORD
RET-0042,DN-2026-5041,SUPP-007,Karnataka State Pharma Hub,MED-0042,Pantoprazole 40mg (Pan 40) (Formula 42),PAN141,50,100.0,5000.0,REGULATORY_RECALLED_BATCH,2026-09-15,SETTLED,PHARM-KA-2022-7212,pharmaflow-main,SYNTHETIC_OPERATIONAL_RECORD
RET-0043,DN-2026-5042,SUPP-008,Apex Medical Agencies,MED-0043,Pantoprazole + Domperidone (Pan-D) (Formula 43),PAN142,75,145.0,10875.0,DAMAGED_SEAL,2026-08-26,PENDING_PICKUP,PHARM-KA-2022-7212,pharmaflow-main,SYNTHETIC_OPERATIONAL_RECORD
RET-0044,DN-2026-5043,SUPP-009,Sri Balaji Pharmaceuticals,MED-0044,Omeprazole 20mg (Omez) (Formula 44),OME143,100,64.5,6450.0,DAMAGED_SEAL,2026-09-15,DISPATCHED_TO_SUPPLIER,PHARM-KA-2022-7212,pharmaflow-main,SYNTHETIC_OPERATIONAL_RECORD
RET-0045,DN-2026-5044,SUPP-010,Vardhman Healthcare Wholesale,MED-0045,Telmisartan 40mg (Telma 40) (Formula 45),TEL144,40,103.0,4120.0,EXPIRED_UNSOLD_STOCK,2026-08-16,PENDING_PICKUP,PHARM-KA-2022-7212,pharmaflow-main,SYNTHETIC_OPERATIONAL_RECORD
RET-0046,DN-2026-5045,SUPP-011,Zenith Pharma Logistics,MED-0046,Telmisartan + Amlodipine (Telma-AM) (Formula 46),TEL145,75,147.5,11062.5,DAMAGED_SEAL,2026-09-13,CREDIT_NOTE_RECEIVED,PHARM-KA-2022-7212,pharmaflow-main,SYNTHETIC_OPERATIONAL_RECORD
RET-0047,DN-2026-5046,SUPP-012,City Pharma Distributors,MED-0047,Atorvastatin 10mg (Atorva 10) (Formula 47),ATO146,75,120.0,9000.0,EXPIRED_UNSOLD_STOCK,2026-09-22,SETTLED,PHARM-KA-2022-7212,pharmaflow-main,SYNTHETIC_OPERATIONAL_RECORD
RET-0048,DN-2026-5047,SUPP-013,Pioneer Drug House,MED-0048,Rosuvastatin 10mg (Rosuvas 10) (Formula 48),ROS147,50,147.5,7375.0,EXPIRED_UNSOLD_STOCK,2026-09-11,SETTLED,PHARM-KA-2022-7212,pharmaflow-main,SYNTHETIC_OPERATIONAL_RECORD
RET-0049,DN-2026-5048,SUPP-014,Sai Pharma Agencies,MED-0049,Ciprofloxacin 500mg (Ciplox 500) (Formula 49),CIP148,40,87.0,3480.0,DAMAGED_SEAL,2026-08-11,SETTLED,PHARM-KA-2022-7212,pharmaflow-main,SYNTHETIC_OPERATIONAL_RECORD
RET-0050,DN-2026-5049,SUPP-015,Premier Medical Supplies,MED-0050,Ofloxacin + Ornidazole (O2) (Formula 50),OFL149,100,115.0,11500.0,DAMAGED_SEAL,2026-08-21,CREDIT_NOTE_RECEIVED,PHARM-KA-2022-7212,pharmaflow-main,SYNTHETIC_OPERATIONAL_RECORD
RET-0051,DN-2026-5050,SUPP-016,Universal Drug Distributors,MED-0051,Montelukast + Levocetirizine (Montair-LC) (Formula 51),MON150,20,160.5,3210.0,NEAR_EXPIRY_SUPPLIER_RETURN,2026-09-16,CREDIT_NOTE_RECEIVED,PHARM-KA-2022-7212,pharmaflow-main,SYNTHETIC_OPERATIONAL_RECORD
RET-0052,DN-2026-5051,SUPP-017,Reliance Pharma Hub,MED-0052,Ibuprofen 400mg (Brufen 400) (Formula 52),IBU151,75,33.0,2475.0,EXPIRED_UNSOLD_STOCK,2026-08-29,PENDING_PICKUP,PHARM-KA-2022-7212,pharmaflow-main,SYNTHETIC_OPERATIONAL_RECORD
